Product_Name,Normalization_Group,Product_Link
3104 E Sandık Tipi Derin Dondurucu,Derin Dondurucu,https://www.beko.com.tr/sandik-tipi-derin-dondurucu/3104-e-derin-dondurucu
BM 4144 OK 4 Programlı Bulaşık Makinesi,Bulaşık Makinesi,https://www.beko.com.tr/4-programli-bulasik-makinesi/bm-4144-ok-bulasik-makinesi
BM 4144 OK I 4 Programlı Bulaşık Makinesi,Bulaşık Makinesi,https://www.beko.com.tr/4-programli-bulasik-makinesi/bm-4144-ok-i-bulasik-makinesi
CMB 1280 YKIG Kurutma Makinesi,Kurutma Makinesi,https://www.beko.com.tr/kurutma-makinesi/cmb-1280-ykig-kurutma-makinesi
CMX 1070 YK I Kurutmalı Çamaşır Makinesi,Çamaşır Makinesi,https://www.beko.com.tr/kurutmali-camasir-makinesi/cmx-1070-yk-i-kurutmali-camasir-makinesi
BSOE 301 B Set Üstü Ocak,Set Üstü Ocak,https://www.beko.com.tr/set-ustu-ocak/bsoe-301-b-set-ustu-ocak
BMD 310 DS Mikrodalga Fırın,Fırın,https://www.beko.com.tr/mikrodalga-firin/bmd-310-ds-mikrodalga-firin
5500 BU Su Sebili,Su Sebili,https://www.beko.com.tr/su-sebili/5500-bu-su-sebili
5550 BU Su Sebili,Su Sebili,https://www.beko.com.tr/su-sebili/5550-bu-su-sebili
BOCD K 6510 EWB Gazlı Cam Tablalı Ocak,Ankastre Ocaklar,https://www.beko.com.tr/gazli-cam-tablali-ocak/bocd-k-6510-ewb-ankastre-ocak
BOCD K 6510 EWG Gazlı Cam Tablalı Ocak,Ankastre Ocaklar,https://www.beko.com.tr/gazli-cam-tablali-ocak/bocd-k-6510-ewg-ankastre-ocak
ADP61420B Duvar Tipi Davlumbaz,Ankastre Davlumbazlar,https://www.beko.com.tr/duvar-tipi-davlumbaz/adp61420b-ankastre-davlumbazlar
P 41 TS Ankastre Sürgülü Aspiratör,Ankastre Aspiratörler,https://www.beko.com.tr/ankastre-surgulu-aspirator/p-41-ts-ankastre-aspiratorler
BMMK 2020 I Ankastre Mikrodalga Çerçevesi Ankastre Mikrodalgalar,Ankastre Mikrodalgalar,https://www.beko.com.tr/ankastre-mikrodalgalar/bmmk-2020-i-ankastre-mikrodalgalar
21220 P Portatif Klima 12.000 Btu/h Portatif Klima,Klima,https://www.beko.com.tr/portatif-klima/21220-p-klima
BK RHC 1800 Konvektör Isıtıcı,Elektrikli Isıtıcı,https://www.beko.com.tr/konvektor-isitici/bk-rhc-1800-elektrikli-isitici
BKT 650 ECO 65 lt. Standart Termosifon,Termosifon,https://www.beko.com.tr/standart-termosifon/bkt-650-eco-termosifon
PRODENS 24 PLUS PREMIX Premix Yoğuşmalı Kombi,Kombi,https://www.beko.com.tr/premix-yogusmali-kombi/prodens-24-plus-premix-kombi
41650 NAC Nem Alma Cihazı,İklimlendirme Destek,https://www.beko.com.tr/nem-alma-cihazi/41650-nac-nem-alma-cihazi
Morning Dream Süt Köpürtme Makinesi Kahve Demleme Ekipmanları,Kahve Makinesi,https://www.beko.com.tr/kahve-demleme-ekipmanlari/morning-dream-sut-kopurtme-makinesi-kahve-makinesi
Morning Dream Süt Köpürtücü Beyaz Kahve Demleme Ekipmanları,Kahve Makinesi,https://www.beko.com.tr/kahve-demleme-ekipmanlari/morning-dream-sut-kopurtucu-beyaz-kahve-makinesi
Espresso Perfetto Siyah Tamper Kahve Demleme Ekipmanları,Kahve Makinesi,https://www.beko.com.tr/kahve-demleme-ekipmanlari/espresso-perfetto-siyah-tamper-kahve-makinesi
Espresso Perfetto Tamper İstasyon Klasik Kahve Demleme Ekipmanları,Kahve Makinesi,https://www.beko.com.tr/kahve-demleme-ekipmanlari/espresso-perfetto-tamper-istasyon-klasik-kahve-makinesi
Rocket Tamper Kahve Demleme Ekipmanları,Kahve Makinesi,https://www.beko.com.tr/kahve-demleme-ekipmanlari/rocket-tamper-kahve-makinesi
Rocket Tamper & Leveler Siyah Kahve Demleme Ekipmanları,Kahve Makinesi,https://www.beko.com.tr/kahve-demleme-ekipmanlari/rocket-tamper-leveler-siyah-kahve-makinesi
Rocket Competition Sütlük Bakır Kahve Demleme Ekipmanları,Kahve Makinesi,https://www.beko.com.tr/kahve-demleme-ekipmanlari/rocket-competition-sutluk-bakir-kahve-makinesi
Morning Kapsül Kahve Makinesi Siyah Kapsül Kahve Makinesi,Kahve Makinesi,https://www.beko.com.tr/kapsul-kahve-makinesi/morning-kapsul-kahve-makinesi-siyah-kahve-makinesi
Morning Kapsül Kahve Makinesi Beyaz Kapsül Kahve Makinesi,Kahve Makinesi,https://www.beko.com.tr/kapsul-kahve-makinesi/morning-kapsul-kahve-makinesi-beyaz-kahve-makinesi
Nespresso Aeroccino 4 Süt Köpürtücü Espresso Makinesi,Kahve Makinesi,https://www.beko.com.tr/espresso-makinesi/nespresso-aeroccino-4-sut-kopurtucu-kahve-makinesi
Brewista Flat V Cone Cam Dripper Kahve Demleme Ekipmanları,Kahve Makinesi,https://www.beko.com.tr/kahve-demleme-ekipmanlari/brewista-flat-v-cone-cam-dripper-kahve-makinesi
Tiamo Paslanmaz K02 Dripper Kahve Demleme Ekipmanları,Kahve Makinesi,https://www.beko.com.tr/kahve-demleme-ekipmanlari/tiamo-paslanmaz-k02-dripper-kahve-makinesi
Rocket Kahve Atık Kabı Kahve Demleme Ekipmanları,Kahve Makinesi,https://www.beko.com.tr/kahve-demleme-ekipmanlari/rocket-kahve-atik-kabi-kahve-makinesi
Brewista Artisan Isı Ayarlı Beyaz Kettle Kahve Demleme Ekipmanları,Kahve Makinesi,https://www.beko.com.tr/kahve-demleme-ekipmanlari/brewista-artisan-isi-ayarli-beyaz-kettle-kahve-makinesi
Rocket Köşeli Tamper Matı Kahve Demleme Ekipmanları,Kahve Makinesi,https://www.beko.com.tr/kahve-demleme-ekipmanlari/rocket-koseli-tamper-mati-kahve-makinesi
ECM Sütlük 360 ml. Kahve Demleme Ekipmanları,Kahve Makinesi,https://www.beko.com.tr/kahve-demleme-ekipmanlari/ecm-sutluk-360-ml--kahve-makinesi
ECM Sütlük 600 ml. Kahve Demleme Ekipmanları,Kahve Makinesi,https://www.beko.com.tr/kahve-demleme-ekipmanlari/ecm-sutluk-600-ml--kahve-makinesi
Profitec Sütlük Kahve Demleme Ekipmanları,Kahve Makinesi,https://www.beko.com.tr/kahve-demleme-ekipmanlari/profitec-sutluk-kahve-makinesi
KARCHER SC 2 Deluxe *EU Buharlı Temizleyiciler,Ev Temizlik Ekipmanları Teknolojisi,https://www.beko.com.tr/buharli-temizleyiciler/karcher-sc-2-deluxe-eu-ev-temizlik-ekipmanlari-ve-teknolojileri
Karcher WV5 Plus Şarjlı Cam Silme Makinesi Cam Temizleme Makineleri ve Robotları,Ev Temizlik Ekipmanları Teknolojisi,https://www.beko.com.tr/cam-temizleme-makineleri-ve-robotlari/karcher-wv-5-plus-n--eu-ev-temizlik-ekipmanlari-ve-teknolojileri
KARCHER SC 3 Deluxe Textile Edition Buharlı Temizleyiciler,Ev Temizlik Ekipmanları Teknolojisi,https://www.beko.com.tr/buharli-temizleyiciler/karcher-sc-3-deluxe-textile-edition-ev-temizlik-ekipmanlari-ve-teknolojileri
Foreo ISSA 4 Arctic Blue Ağız Bakım,Kişisel Bakım & Güzellik,https://www.beko.com.tr/agiz-bakim/foreo-issa-4-arctic-blue-guzellik-ve-bakim
Foreo Bear 2 Go Pistachio Cilt Bakım,Kişisel Bakım & Güzellik,https://www.beko.com.tr/cilt-bakim/foreo-bear-2-go-pistachio-guzellik-ve-bakim
Foreo LUNA 4 Body Evergreen Cilt Bakım,Kişisel Bakım & Güzellik,https://www.beko.com.tr/cilt-bakim/foreo-luna-4-body-evergreen-guzellik-ve-bakim
Foreo Bear 2 Body Lavender Cilt Bakım,Kişisel Bakım & Güzellik,https://www.beko.com.tr/cilt-bakim/foreo-bear-2-body-lavender-guzellik-ve-bakim
Foreo Bear 2 Fuchsia Cilt Bakım,Kişisel Bakım & Güzellik,https://www.beko.com.tr/cilt-bakim/foreo-bear-2-fuchsia-guzellik-ve-bakim
FOREO LUNA 4 Play Cherry Up Cilt Bakım,Kişisel Bakım & Güzellik,https://www.beko.com.tr/cilt-bakim/foreo-luna-4-play-cherry-up-guzellik-ve-bakim
FOREO LUNA 4 Go Pistachio Cilt Bakım,Kişisel Bakım & Güzellik,https://www.beko.com.tr/cilt-bakim/foreo-luna-4-go-pistachio-guzellik-ve-bakim
Foreo LUNA 4 Hassas Cilt Cilt Bakım,Kişisel Bakım & Güzellik,https://www.beko.com.tr/cilt-bakim/foreo-luna-4-hassas-cilt-guzellik-ve-bakim
FOREO LUNA 4 Play Tickle Me Pink Cilt Bakım,Kişisel Bakım & Güzellik,https://www.beko.com.tr/cilt-bakim/foreo-luna-4-play-tickle-me-pink-guzellik-ve-bakim
Foreo Ufo 3 Go Lavender Cilt Bakım,Kişisel Bakım & Güzellik,https://www.beko.com.tr/cilt-bakim/foreo-ufo-3-go-lavender-guzellik-ve-bakim
Foreo Ufo 3 Go Evergreen Cilt Bakım,Kişisel Bakım & Güzellik,https://www.beko.com.tr/cilt-bakim/foreo-ufo-3-go-evergreen-guzellik-ve-bakim
Foreo Ufo 3 Pearl Pink Cilt Bakım,Kişisel Bakım & Güzellik,https://www.beko.com.tr/cilt-bakim/foreo-ufo-3-pearl-pink-guzellik-ve-bakim
Foreo Bear 2 Go Lavender Cilt Bakım,Kişisel Bakım & Güzellik,https://www.beko.com.tr/cilt-bakim/foreo-bear-2-go-lavender-guzellik-ve-bakim
Foreo FAQ 221 LED El Maskesi Yaşlanma Karşıtı Bakım,Kişisel Bakım & Güzellik,https://www.beko.com.tr/yaslanma-karsiti-bakim/foreo-faq-221-led-el-maskesi-guzellik-ve-bakim
Foreo FAQ 102 Yaşlanma Karşıtı Cihaz Yaşlanma Karşıtı Bakım,Kişisel Bakım & Güzellik,https://www.beko.com.tr/yaslanma-karsiti-bakim/foreo-faq-102-yaslanma-karsiti-cihaz-guzellik-ve-bakim
Foreo FAQ 211 Boyun ve Dekolte LED Maske Yaşlanma Karşıtı Bakım,Kişisel Bakım & Güzellik,https://www.beko.com.tr/yaslanma-karsiti-bakim/foreo-faq-211-boyun-ve-dekolte-led-maske-guzellik-ve-bakim
Foreo FAQ 202 LED Yüz Maskesi Yaşlanma Karşıtı Bakım,Kişisel Bakım & Güzellik,https://www.beko.com.tr/yaslanma-karsiti-bakim/foreo-faq-202-led-yuz-maskesi-guzellik-ve-bakim
Foreo Bear 2 Eyes&Lips Lavender Özel Bakımlar,Kişisel Bakım & Güzellik,https://www.beko.com.tr/ozel-bakimlar/foreo-bear-2-eyeslips-lavender-guzellik-ve-bakim
Foreo Peach2 IPL Cihazı Cilt Bakım,Kişisel Bakım & Güzellik,https://www.beko.com.tr/cilt-bakim/foreo-peach2-ipl-cihazi-guzellik-ve-bakim
Foreo FAQ 302 Black Yaşlanma Karşıtı Bakım,Kişisel Bakım & Güzellik,https://www.beko.com.tr/yaslanma-karsiti-bakim/foreo-faq-302-black-guzellik-ve-bakim
Foreo ISSA 4 Smile Summer Sky Cilt Bakım,Kişisel Bakım & Güzellik,https://www.beko.com.tr/cilt-bakim/foreo-issa-4-smile-summer-sky-guzellik-ve-bakim
Foreo ISSA 4 Pearl Pink Cilt Bakım,Kişisel Bakım & Güzellik,https://www.beko.com.tr/cilt-bakim/foreo-issa-4-pearl-pink-guzellik-ve-bakim
"Foreo ISSA 4 Smile, Wild Strawberry Cilt Bakım",Kişisel Bakım & Güzellik,https://www.beko.com.tr/cilt-bakim/foreo-issa-4-smile-wild-strawberry-guzellik-ve-bakim
FOREO LUNA 4 Play Mint For You Cilt Bakım,Kişisel Bakım & Güzellik,https://www.beko.com.tr/cilt-bakim/foreo-luna-4-play-mint-for-you-guzellik-ve-bakim
Foreo ISSA 4 Smile Enchanted Violet Cilt Bakım,Kişisel Bakım & Güzellik,https://www.beko.com.tr/cilt-bakim/foreo-issa-4-smile-enchanted-violet-guzellik-ve-bakim
Foreo ISSA 4 Fuchsia Cilt Bakım,Kişisel Bakım & Güzellik,https://www.beko.com.tr/cilt-bakim/foreo-issa-4-fuchsia-guzellik-ve-bakim
OTB 51223 M Araç Buzdolabı,Buzdolabı,https://www.beko.com.tr/arac-buzdolabi/otb-51223-m-arac-buzdolabi
Rocket Tamper & Leveler Metalik Kahve Demleme Ekipmanları,Kahve Makinesi,https://www.beko.com.tr/kahve-demleme-ekipmanlari/rocket-tamper-leveler-metalik-kahve-makinesi
Çekmeceli Kahve Atık Kutusu Mini Kahve Demleme Ekipmanları,Kahve Makinesi,https://www.beko.com.tr/kahve-demleme-ekipmanlari/cekmeceli-kahve-atik-kutusu-mini-kahve-makinesi
TM 5606 I Tost Makinesi,Pişirici,https://www.beko.com.tr/tost-makinesi/tm-5606-i-pisirici
MT 3810 Saç Sakal Kesme Makineleri,Kişisel Bakım & Güzellik,https://www.beko.com.tr/sac-sakal-kesme-makineleri/mt-3810-kisisel-bakim
BKS 1911 / BKS 1912 Toz Torbası Toz Torbası,Elektrikli Süpürge,https://www.beko.com.tr/toz-torbasi/bks-1911---bks-1912-toz-torbasi-elektrikli-supurge
STM 2110 B Seyahat Ütüsü,Ütü,https://www.beko.com.tr/seyahat-utusu/stm-2110-b-utu
STM 2110 M Seyahat Ütüsü,Ütü,https://www.beko.com.tr/seyahat-utusu/stm-2110-m-utu
Ütü Masası S Ütü Masası,Ütü,https://www.beko.com.tr/utu-masasi/utu-masasi-s-utu
Hamur Açma Ve Kesme Seti Hamur Yoğurma ve Mutfak Makinesi,Karıştırıcı& Doğrayıcı,https://www.beko.com.tr/hamur-yogurma-ve-mutfak-makinesi/hamur-acma-ve-kesme--seti-karistirici-dograyici
"Kıyma, Sucuk ve İçli Köfte Aksesuarı Hamur Yoğurma ve Mutfak Makinesi",Karıştırıcı& Doğrayıcı,https://www.beko.com.tr/hamur-yogurma-ve-mutfak-makinesi/kiyma-sucuk-ve-icli-kofte-aksesuari-karistirici-dograyici
UVT 1001 UV Temizleme Cihazı,Kişisel Bakım & Güzellik,https://www.beko.com.tr/uv-temizleme-cihazi/uvt-1001-uv-temizleme-cihazi
Yoğurt & Kefir Makinesi,Yoğurt &Kefir Makinesi,https://www.beko.com.tr/yogurt-kefir-makinesi/proyo-aksesuar-kutusu-yogurt-kefir-makinesi
WKM 8513 I Dijital Kettle,Çay ve Kettle Grubu,https://www.beko.com.tr/kettle/wkm-8513-i-kettle
WKM 5422 I Cam Kettle,Çay ve Kettle Grubu,https://www.beko.com.tr/kettle/wkm-5422-i-kettle
KL 8221 I Kettle,Çay ve Kettle Grubu,https://www.beko.com.tr/kettle/kl-8221-i-kettle
KL 5422 Retro Kettle,Çay ve Kettle Grubu,https://www.beko.com.tr/kettle/kl-5422-kettle
KL 8022 I Kettle,Çay ve Kettle Grubu,https://www.beko.com.tr/kettle/kl-8022-i-kettle
WKM 5522 I Kettle,Çay ve Kettle Grubu,https://www.beko.com.tr/kettle/wkm-5522-i-kettle
BKK 2221 C Beko Dem Çay Makinesi,Çay ve Kettle Grubu,https://www.beko.com.tr/cay-makinesi/bkk-2221-c-beko-dem-cay-makinesi-cay-makinesi
CM 5964 R Floral Çay Makinesi,Çay ve Kettle Grubu,https://www.beko.com.tr/cay-makinesi/cm-5964-r-floral-cay-makinesi
CM 5964 Floral Çay Makinesi,Çay ve Kettle Grubu,https://www.beko.com.tr/cay-makinesi/cm-5964-floral-cay-makinesi
