https://www.beko.com.tr/turk-kahve-makinesi/bkk-2300-mini-keyf-beyaz-kahve-makinesi,BKK 2300 Mini Keyf Beyaz Türk Kahve Makinesi,5.149 TL,"{""Fincan Kapasitesi"": ""3"", ""18 cm"": ""Derinlik"", ""16 cm"": ""Genişlik"", ""24 cm"": ""Yükseklik"", ""Güç"": ""670 W"", ""Işıklı Uyarı"": ""Var"", ""Ölçü Kaşığı"": ""Var"", ""Sesli Uyarı"": ""Var"", ""Cezve Malzemesi"": ""Plastik"", ""Ürün Rengi"": ""Beyaz"", ""Cook Sense Teknolojisi (Pişmeyi Algılama)"": ""Var"", ""Anti Spill Teknolojisi (Taşmayı Önleme)"": ""Var"", ""Tek Tuşla Kontrol"": ""Var"", ""Cezve Rengi"": ""Siyah"", ""Ağırlık: Paketsiz"": ""1.727 kg"", ""Boyut (cm) (GxYxD)"": ""23.7 cm"", ""Derinlik"": ""17.9 cm""}"
https://www.beko.com.tr/turk-kahve-makinesi/tkm-2341-keyf-i-bol-siyah-kahve-makinesi,TKM 2341 Keyf-i Bol Siyah Türk Kahve Makinesi,3.349 TL,"{""Fincan Kapasitesi"": ""5"", ""16 cm"": ""Derinlik"", ""15 cm"": ""Genişlik"", ""24 cm"": ""Yükseklik"", ""Güç"": ""580 W"", ""Işıklı Uyarı"": ""Var"", ""Ölçü Kaşığı"": ""Var"", ""Sesli Uyarı"": ""Var"", ""Cezve Malzemesi"": ""Plastik"", ""Ürün Rengi"": ""Siyah"", ""Cook Sense Teknolojisi (Pişmeyi Algılama)"": ""Var"", ""Anti Spill Teknolojisi (Taşmayı Önleme)"": ""Var"", ""Tek Tuşla Kontrol"": ""Var"", ""Cezve Rengi"": ""Siyah"", ""Ağırlık: Paketsiz"": ""1.157 kg"", ""Boyut (cm) (GxYxD)"": ""23.7 cm"", ""Derinlik"": ""15.6 cm""}"
https://www.beko.com.tr/turk-kahve-makinesi/tkm-8961-a-yeni-keyf-turk-kahve-makinesi-kahve-makinesi,TKM 8961 A Yeni Keyf Türk Kahve Makinesi Türk Kahve Makinesi,11.899 TL,"{""Fincan Kapasitesi"": ""6"", ""31 cm"": ""Derinlik"", ""25 cm"": ""Genişlik"", ""20 cm"": ""Yükseklik"", ""İndüksiyonlu Isıtma"": ""Var"", ""Güç"": ""1100 W"", ""Işıklı Uyarı"": ""Var"", ""Otomatik Su Alımı"": ""Var"", ""Ölçü Kaşığı"": ""Var"", ""Sesli Uyarı"": ""Var"", ""Cezve Malzemesi"": ""Paslanmaz Çelik"", ""Su Tankı"": ""Var"", ""Su Tankı Kapasitesi"": ""1.5 L"", ""Su Miktarını Belirleme"": ""Var"", ""Ürün Rengi"": ""İnoks"", ""Cook Sense Teknolojisi (Pişmeyi Algılama)"": ""Var"", ""Anti Spill Teknolojisi (Taşmayı Önleme)"": ""Var"", ""Düşük Su Seviyesi Göstergesi"": ""Var"", ""Tek Tuşla Kontrol"": ""Var"", ""Spinjet Teknolojisi (Su Püskürterek Karıştırma)"": ""Var"", ""Cezve Rengi"": ""İnoks"", ""Fincan Boyutu Seçimi"": ""Var"", ""Ağırlık: Paketsiz"": ""3.515 kg"", ""Boyut (cm) (GxYxD)"": ""20 cm"", ""Derinlik"": ""31.2 cm""}"
https://www.beko.com.tr/turk-kahve-makinesi/tkm-5448-keyf-i-bol-sutlu-kahve-makinesi,TKM 5448 Keyf-i Bol Sütlü Türk Kahve Makinesi,4.399 TL,"{""Fincan Kapasitesi"": ""5"", ""16 cm"": ""Derinlik"", ""15 cm"": ""Genişlik"", ""24 cm"": ""Yükseklik"", ""Temizleme fırçası (2)"": ""Var"", ""Sıcak Çikolata"": ""Var"", ""Süt Isıtma"": ""Var"", ""Sütlü Türk Kahvesi"": ""Var"", ""Güç"": ""580 W"", ""Işıklı Uyarı"": ""Var"", ""Ölçü Kaşığı"": ""Var"", ""Sesli Uyarı"": ""Var"", ""Cezve Malzemesi"": ""Plastik"", ""Ürün Rengi"": ""Gri"", ""Cook Sense Teknolojisi (Pişmeyi Algılama)"": ""Var"", ""Anti Spill Teknolojisi (Taşmayı Önleme)"": ""Var"", ""Tek Tuşla Kontrol"": ""Var"", ""Cezve Rengi"": ""Siyah"", ""Ağırlık: Paketsiz"": ""1.196 kg"", ""Boyut (cm) (GxYxD)"": ""23.7 cm"", ""Derinlik"": ""15.6 cm""}"
https://www.beko.com.tr/cay-makinesi/cfm-8449-i-cay-makinesi,CFM 8449 I Çay Makinesi,11.449 TL,"{""Demlik Kapasitesi"": ""0.8 L"", ""Demlik Malzemesi"": ""Kırılmaya Karşı 4 Kata Kadar Dayanıklılığı Arttırılmış Cam"", ""Su Isıtıcı Kapasitesi"": ""2 L"", ""Su Isıtıcı Malzemesi"": ""Cam"", ""26 cm"": ""Derinlik"", ""33 cm"": ""Genişlik"", ""30 cm"": ""Yükseklik"", ""Kırılmaya Karşı Dayanıklı Cam Demlik"": ""Var"", ""Güç"": ""1800 W"", ""Ürün Rengi"": ""İnoks"", ""Sesli Uyarı"": ""Var"", ""Otomatik Çay Demleme Özelliği"": ""Var"", ""Su Seviye Göstergesi"": ""Var"", ""Otomatik Kapanma"": ""Var"", ""Sıcak Tutma Özelliği"": ""Var"", ""Zamanlama Özelliği"": ""Var"", ""Ağırlık: Paketsiz"": ""4.798 kg"", ""Boyut (cm) (GxYxD)"": ""33.1 cm"", ""Derinlik"": ""26.3 cm"", ""Otomatik Filtre Kahve Demleme Özelliği"": ""Var"", ""Voltaj"": ""220-240""}"
https://www.beko.com.tr/turk-kahve-makinesi/bkk-2300-cb-kahve-makinesi,BKK 2300 CB Türk Kahve Makinesi,9.949 TL,"{""Fincan Kapasitesi"": ""3"", ""18 cm"": ""Derinlik"", ""16 cm"": ""Genişlik"", ""24 cm"": ""Yükseklik"", ""Güç"": ""670 W"", ""Işıklı Uyarı"": ""Var"", ""Ölçü Kaşığı"": ""Var"", ""Sesli Uyarı"": ""Var"", ""Cezve Malzemesi"": ""Plastik"", ""Ürün Rengi"": ""Mavi"", ""Cook Sense Teknolojisi (Pişmeyi Algılama)"": ""Var"", ""Anti Spill Teknolojisi (Taşmayı Önleme)"": ""Var"", ""Tek Tuşla Kontrol"": ""Var"", ""Cezve Rengi"": ""Siyah"", ""Ağırlık: Paketsiz"": ""1.86 kg"", ""Boyut (cm) (GxYxD)"": ""23.7 cm"", ""Derinlik"": ""17.9 cm""}"
https://www.beko.com.tr/turk-kahve-makinesi/bkk-2300-fp-kahve-makinesi,BKK 2300 FP Türk Kahve Makinesi,9.949 TL,"{""Fincan Kapasitesi"": ""3"", ""18 cm"": ""Derinlik"", ""16 cm"": ""Genişlik"", ""24 cm"": ""Yükseklik"", ""Güç"": ""670 W"", ""Işıklı Uyarı"": ""Var"", ""Ölçü Kaşığı"": ""Var"", ""Sesli Uyarı"": ""Var"", ""Cezve Malzemesi"": ""Plastik"", ""Ürün Rengi"": ""Gri"", ""Cook Sense Teknolojisi (Pişmeyi Algılama)"": ""Var"", ""Anti Spill Teknolojisi (Taşmayı Önleme)"": ""Var"", ""Tek Tuşla Kontrol"": ""Var"", ""Cezve Rengi"": ""Siyah"", ""Ağırlık: Paketsiz"": ""1.86 kg"", ""Boyut (cm) (GxYxD)"": ""23.7 cm"", ""Derinlik"": ""17.9 cm""}"
https://www.beko.com.tr/turk-kahve-makinesi/bkk-2300-la-kahve-makinesi,BKK 2300 LA Türk Kahve Makinesi,9.949 TL,"{""Fincan Kapasitesi"": ""3"", ""18 cm"": ""Derinlik"", ""16 cm"": ""Genişlik"", ""24 cm"": ""Yükseklik"", ""Güç"": ""670 W"", ""Işıklı Uyarı"": ""Var"", ""Ölçü Kaşığı"": ""Var"", ""Sesli Uyarı"": ""Var"", ""Cezve Malzemesi"": ""Plastik"", ""Ürün Rengi"": ""Beyaz"", ""Cook Sense Teknolojisi (Pişmeyi Algılama)"": ""Var"", ""Anti Spill Teknolojisi (Taşmayı Önleme)"": ""Var"", ""Tek Tuşla Kontrol"": ""Var"", ""Cezve Rengi"": ""Siyah"", ""Ağırlık: Paketsiz"": ""1.86 kg"", ""Boyut (cm) (GxYxD)"": ""23.7 cm"", ""Derinlik"": ""17.9 cm""}"
https://www.beko.com.tr/filtre-kahve-makinesi/fk-8110-i-ogutuculu-kahve-makinesi,FK 8110 I Öğütücülü Filtre Kahve Makinesi,7.479 TL,"{""Fincan Kapasitesi"": ""10 adet"", ""Karaf Malzemesi"": ""Cam"", ""18 cm"": ""Derinlik"", ""32 cm"": ""Genişlik"", ""44 cm"": ""Yükseklik"", ""Çıkarılabilir Filtre Tutucusu"": ""Var"", ""Ürün rengi"": ""Inoks"", ""Güç"": ""1000 W"", ""Manuel demleme ayarı"": ""Var"", ""Su göstergesi"": ""Var"", ""Otomatik Kapanma"": ""Var"", ""Sıcak Tutma Özelliği"": ""Var"", ""Damlama Durdurma Fonksiyonu"": ""Var"", ""Aroma Fonksiyonu"": ""Var"", ""Kahve Öğütücü"": ""Var"", ""Ağırlık: Paketsiz"": ""3.98 kg"", ""Boyut (cm) (GxYxD)"": ""32 cm"", ""Derinlik"": ""17.5 cm"", ""Kablo Sarma Yuvası"": ""Var"", ""Voltaj"": ""220-240""}"
https://www.beko.com.tr/yari-otomatik-espresso-makinesi/cep-5304-x-caffeexperto-yari-otomatik-kahve-makinesi,CEP 5304 X CaffeExperto® Yarı Otomatik Yarı Otomatik Espresso Makinesi,9.499 TL,"{""Kahve Çeşidi Sayısı"": ""4"", ""41 cm"": ""Derinlik"", ""19 cm"": ""Genişlik"", ""32 cm"": ""Yükseklik"", ""Ürün rengi"": ""Inoks"", ""Güç"": ""1350 W"", ""Pompa Basıncı"": ""15 bar"", ""Bardak Adet Seçimi"": ""Var"", ""Otomatik Kireç Temizleme Özelliği"": ""Var"", ""Elektronik Kontrol Arayüzü"": ""Var"", ""Çıkarılabilir Su tankı"": ""Var"", ""Su Tankı Kapasitesi"": ""1100 mL"", ""Çıkarılabilir Demleme Ünitesi"": ""Var"", ""Ağırlık: Paketsiz"": ""7.85 kg"", ""Boyut (cm) (GxYxD)"": ""18.6 cm"", ""Derinlik"": ""41 cm"", ""Voltaj"": ""220""}"
https://www.beko.com.tr/tam-otomatik-espresso-makinesi/ceg-7304-x-caffeexperto-tam-otomatik-kahve-makinesi,CEG 7304 X CaffeExperto® Tam Otomatik Tam Otomatik Espresso Makinesi,26.799 TL,"{""Kahve Çeşidi Sayısı"": ""10"", ""41 cm"": ""Derinlik"", ""27 cm"": ""Genişlik"", ""36 cm"": ""Yükseklik"", ""Ürün rengi"": ""Siyah"", ""Güç"": ""1350 W"", ""Pompa Basıncı"": ""19 bar"", ""Öğütme ünitesi"": ""Var"", ""Çekirdek Kahve Hazne Kapasitesi"": ""160 g"", ""Çekirdekten fincana kahve"": ""Evet"", ""Kahve Öğütücü Kademesi"": ""13"", ""Fincan Boyutu Seçimi"": ""Var"", ""Otomatik Kireç Temizleme Özelliği"": ""Var"", ""Elektronik Kontrol Arayüzü"": ""Var"", ""Çıkarılabilir Su tankı"": ""Var"", ""Su Tankı Kapasitesi"": ""2000 mL"", ""Çıkarılabilir Demleme Ünitesi"": ""Var"", ""Ağırlık: Paketsiz"": ""9.91 kg"", ""Boyut (cm) (GxYxD)"": ""27 cm"", ""Derinlik"": ""41 cm"", ""Voltaj"": ""220-240""}"
https://www.beko.com.tr/filtre-kahve-makinesi/fk-5310-s-kahve-makinesi,FK 5310 S Filtre Kahve Makinesi,3.699 TL,"{""Fincan Kapasitesi"": ""10 adet"", ""Karaf Malzemesi"": ""Cam"", ""29 cm"": ""Derinlik"", ""18 cm"": ""Genişlik"", ""32 cm"": ""Yükseklik"", ""Çıkarılabilir Filtre Tutucusu"": ""Var"", ""Ürün rengi"": ""Siyah"", ""Güç"": ""750 W"", ""Su göstergesi"": ""Var"", ""Otomatik Kapanma"": ""Var"", ""Sıcak Tutma Özelliği"": ""Var"", ""Damlama Durdurma Fonksiyonu"": ""Var"", ""Ağırlık: Paketsiz"": ""2.25 kg"", ""Boyut (cm) (GxYxD)"": ""18.4 cm"", ""Derinlik"": ""28.6 cm"", ""Voltaj"": ""220-240""}"
https://www.beko.com.tr/filtre-kahve-makinesi/cfm-7355-i-kahve-makinesi,CFM 7355 I Filtre Kahve Makinesi,6.599 TL,"{""Fincan Kapasitesi"": ""10 adet"", ""Karaf Malzemesi"": ""Cam"", ""23 cm"": ""Derinlik"", ""22 cm"": ""Genişlik"", ""37 cm"": ""Yükseklik"", ""Dijital Saatli LCD Ekran"": ""Var"", ""Çıkarılabilir Filtre Tutucusu"": ""Var"", ""Ürün rengi"": ""Inoks"", ""Güç"": ""1150 W"", ""Manuel demleme ayarı"": ""Var"", ""Progranlanabilen baslangıç zamanı"": ""Var"", ""Su göstergesi"": ""Var"", ""Otomatik Kapanma"": ""Var"", ""Sıcak Tutma Özelliği"": ""Var"", ""Damlama Durdurma Fonksiyonu"": ""Var"", ""Zamanlayıcı"": ""Var"", ""Aroma Fonksiyonu"": ""Var"", ""Ağırlık: Paketsiz"": ""2.35 kg"", ""Boyut (cm) (GxYxD)"": ""22.4 cm"", ""Derinlik"": ""22.9 cm"", ""Kablo Sarma Yuvası"": ""Var"", ""Voltaj"": ""220-240""}"
https://www.beko.com.tr/tam-otomatik-espresso-makinesi/caffeexperto-ce7500--ceg-7348-x-kahve-makinesi,CEG 7348 X CaffeExperto® Tam Otomatik Espresso Makinesi,29.999 TL,"{""41 cm"": ""Derinlik"", ""19 cm"": ""Genişlik"", ""32 cm"": ""Yükseklik"", ""Ürün rengi"": ""Inoks"", ""Güç"": ""1350 W"", ""Pompa Basıncı"": ""19 bar"", ""Öğütme ünitesi"": ""Var"", ""Çekirdek Kahve Hazne Kapasitesi"": ""160 g"", ""Çekirdekten fincana kahve"": ""Evet"", ""Kahve Öğütücü Kademesi"": ""13"", ""Fincan Boyutu Seçimi"": ""Var"", ""Otomatik Kireç Temizleme Özelliği"": ""Var"", ""Elektronik Kontrol Arayüzü"": ""Var"", ""Çıkarılabilir Su tankı"": ""Var"", ""Su Tankı Kapasitesi"": ""1500 mL"", ""Çıkarılabilir Demleme Ünitesi"": ""Var"", ""Ağırlık: Paketsiz"": ""7.5 kg"", ""Boyut (cm) (GxYxD)"": ""18.6 cm"", ""Derinlik"": ""41 cm"", ""Voltaj"": ""220-240""}"
https://www.beko.com.tr/yari-otomatik-espresso-makinesi/caffeexperto-ce5300-cep-6464-x-kahve-makinesi,CaffeExperto® CE5300 CEP 6464 X Yarı Otomatik Espresso Makinesi,12.499 TL,"{""Kahve Çeşidi Sayısı"": ""4"", ""43 cm"": ""Derinlik"", ""21 cm"": ""Genişlik"", ""31 cm"": ""Yükseklik"", ""Ürün rengi"": ""Inoks"", ""Güç"": ""1628 W"", ""Pompa Basıncı"": ""20 bar"", ""Fincan Boyutu Seçimi"": ""Var"", ""Elektronik Kontrol Arayüzü"": ""Var"", ""Çıkarılabilir Su tankı"": ""Var"", ""Su Tankı Kapasitesi"": ""1100 mL"", ""Çıkarılabilir Demleme Ünitesi"": ""Var"", ""Kapsül Kahve"": ""Evet"", ""E.S.E Pod Kahve"": ""Evet"", ""Ağırlık: Paketsiz"": ""4.351 kg"", ""Boyut (cm) (GxYxD)"": ""20.5 cm"", ""Derinlik"": ""42.5 cm"", ""Voltaj"": ""220""}"
https://www.beko.com.tr/kahve-ogutucu/ko-8420-kahve-makinesi,KO 8420 Kahve Öğütücü,1.729 TL,"{""Motor Gücü"": ""180 W"", ""Kapasite"": ""53 g"", ""Bıçak"": ""Paslanmaz Çelik"", ""12 cm"": ""Genişlik"", ""21 cm"": ""Yükseklik"", ""Dokunmatik Bas - Çek Teknolojisi"": ""Var""}"
https://www.beko.com.tr/turk-kahve-makinesi/tkm-8961-k-yeni-keyf-turk-kahve-makinesi-kahve-makinesi,TKM 8961 K Yeni Keyf Türk Kahve Makinesi Türk Kahve Makinesi,11.899 TL,"{""Fincan Kapasitesi"": ""6"", ""31 cm"": ""Derinlik"", ""25 cm"": ""Genişlik"", ""20 cm"": ""Yükseklik"", ""İndüksiyonlu Isıtma"": ""Var"", ""Güç"": ""1100 W"", ""Işıklı Uyarı"": ""Var"", ""Otomatik Su Alımı"": ""Var"", ""Ölçü Kaşığı"": ""Var"", ""Sesli Uyarı"": ""Var"", ""Cezve Malzemesi"": ""Paslanmaz Çelik"", ""Su Tankı"": ""Var"", ""Su Tankı Kapasitesi"": ""1.5 L"", ""Su Miktarını Belirleme"": ""Var"", ""Ürün Rengi"": ""Kırmızı"", ""Cook Sense Teknolojisi (Pişmeyi Algılama)"": ""Var"", ""Anti Spill Teknolojisi (Taşmayı Önleme)"": ""Var"", ""Düşük Su Seviyesi Göstergesi"": ""Var"", ""Tek Tuşla Kontrol"": ""Var"", ""Spinjet Teknolojisi (Su Püskürterek Karıştırma)"": ""Var"", ""Cezve Rengi"": ""Gümüş"", ""Fincan Boyutu Seçimi"": ""Var"", ""Ağırlık: Paketsiz"": ""3.515 kg"", ""Boyut (cm) (GxYxD)"": ""20 cm"", ""Derinlik"": ""31.2 cm""}"
https://www.beko.com.tr/turk-kahve-makinesi/bkk-2300-mini-keyf-rose-gold-kahve-makinesi,BKK 2300 Mini Keyf Rose Gold Türk Kahve Makinesi,5.599 TL,"{""Fincan Kapasitesi"": ""3"", ""18 cm"": ""Derinlik"", ""16 cm"": ""Genişlik"", ""24 cm"": ""Yükseklik"", ""Güç"": ""670 W"", ""Işıklı Uyarı"": ""Var"", ""Ölçü Kaşığı"": ""Var"", ""Sesli Uyarı"": ""Var"", ""Ürün Rengi"": ""Rose Gold"", ""Cook Sense Teknolojisi (Pişmeyi Algılama)"": ""Var"", ""Anti Spill Teknolojisi (Taşmayı Önleme)"": ""Var"", ""Tek Tuşla Kontrol"": ""Var"", ""Cezve Rengi"": ""Siyah"", ""Ağırlık: Paketsiz"": ""1.727 kg"", ""Boyut (cm) (GxYxD)"": ""23.7 cm"", ""Derinlik"": ""17.9 cm""}"
https://www.beko.com.tr/kahve-ogutucu/tko-5540-kahve-makinesi,TKO 5540 Türk Kahve Öğütücü,12.599 TL,"{""Motor Gücü"": ""260 W"", ""Kapasite"": ""350 g"", ""12 cm"": ""Genişlik"", ""21 cm"": ""Yükseklik"", ""Dokunmatik Bas - Çek Teknolojisi"": ""Var""}"
https://www.beko.com.tr/turk-kahve-makinesi/bkk-2400-midi-keyf-beyaz-kahve-makinesi,BKK 2400 Midi Keyf Beyaz Türk Kahve Makinesi,7.179 TL,"{""25 cm"": ""Derinlik"", ""17 cm"": ""Genişlik"", ""24 cm"": ""Yükseklik"", ""Güç"": ""670 W"", ""Işıklı Uyarı"": ""Var"", ""Otomatik Su Alımı"": ""Var"", ""Ölçü Kaşığı"": ""Var"", ""Sesli Uyarı"": ""Var"", ""Cezve Malzemesi"": ""Plastik"", ""Su Tankı"": ""Var"", ""Su Tankı Kapasitesi"": ""1.1 L"", ""Su Miktarını Belirleme"": ""Var"", ""Ürün Rengi"": ""Beyaz"", ""Cook Sense Teknolojisi (Pişmeyi Algılama)"": ""Var"", ""Anti Spill Teknolojisi (Taşmayı Önleme)"": ""Var"", ""Düşük Su Seviyesi Göstergesi"": ""Var"", ""Tek Tuşla Kontrol"": ""Var"", ""Spinjet Teknolojisi (Su Püskürterek Karıştırma)"": ""Var"", ""Ağırlık: Paketsiz"": ""3 kg"", ""Boyut (cm) (GxYxD)"": ""24 cm"", ""Derinlik"": ""24.5 cm""}"
https://www.beko.com.tr/turk-kahve-makinesi/tkm-2341-keyf-i-bol-beyaz-kahve-makinesi,TKM 2341 Keyf-i Bol Beyaz Türk Kahve Makinesi,3.349 TL,"{""Fincan Kapasitesi"": ""5"", ""16 cm"": ""Derinlik"", ""15 cm"": ""Genişlik"", ""23 cm"": ""Yükseklik"", ""Güç"": ""580 W"", ""Işıklı Uyarı"": ""Var"", ""Ölçü Kaşığı"": ""Var"", ""Sesli Uyarı"": ""Var"", ""Cezve Malzemesi"": ""Plastik"", ""Ürün Rengi"": ""Beyaz"", ""Cook Sense Teknolojisi (Pişmeyi Algılama)"": ""Var"", ""Anti Spill Teknolojisi (Taşmayı Önleme)"": ""Var"", ""Tek Tuşla Kontrol"": ""Var"", ""Cezve Rengi"": ""Siyah"", ""Ağırlık: Paketsiz"": ""1.157 kg"", ""Boyut (cm) (GxYxD)"": ""22.9 cm"", ""Derinlik"": ""15.6 cm""}"
https://www.beko.com.tr/turk-kahve-makinesi/bkk-2300-mini-keyf-mor-kahve-makinesi,BKK 2300 Mini Keyf Mor Türk Kahve Makinesi,5.599 TL,"{""Fincan Kapasitesi"": ""3"", ""18 cm"": ""Derinlik"", ""16 cm"": ""Genişlik"", ""24 cm"": ""Yükseklik"", ""Güç"": ""670 W"", ""Işıklı Uyarı"": ""Var"", ""Ölçü Kaşığı"": ""Var"", ""Sesli Uyarı"": ""Var"", ""Ürün Rengi"": ""Mor"", ""Cook Sense Teknolojisi (Pişmeyi Algılama)"": ""Var"", ""Anti Spill Teknolojisi (Taşmayı Önleme)"": ""Var"", ""Tek Tuşla Kontrol"": ""Var"", ""Cezve Rengi"": ""Siyah"", ""Ağırlık: Paketsiz"": ""1.727 kg"", ""Boyut (cm) (GxYxD)"": ""23.7 cm"", ""Derinlik"": ""17.9 cm""}"
https://www.beko.com.tr/turk-kahve-makinesi/bkk-2300-mini-keyf-siyah-kahve-makinesi,BKK 2300 Mini Keyf Siyah Türk Kahve Makinesi,5.599 TL,"{""Fincan Kapasitesi"": ""3"", ""18 cm"": ""Derinlik"", ""16 cm"": ""Genişlik"", ""24 cm"": ""Yükseklik"", ""Güç"": ""670 W"", ""Işıklı Uyarı"": ""Var"", ""Ölçü Kaşığı"": ""Var"", ""Sesli Uyarı"": ""Var"", ""Cezve Malzemesi"": ""Plastik"", ""Ürün Rengi"": ""Siyah"", ""Cook Sense Teknolojisi (Pişmeyi Algılama)"": ""Var"", ""Anti Spill Teknolojisi (Taşmayı Önleme)"": ""Var"", ""Tek Tuşla Kontrol"": ""Var"", ""Cezve Rengi"": ""Koyu Gri"", ""Ağırlık: Paketsiz"": ""1.88 kg"", ""Boyut (cm) (GxYxD)"": ""23.7 cm"", ""Derinlik"": ""17.9 cm""}"
https://www.beko.com.tr/turk-kahve-makinesi/bkk-2170-kahve-makinesi,BKK 2170 Türk Kahve Makinesi,12.649 TL,"{""Fincan Kapasitesi"": ""4"", ""24 cm"": ""Derinlik"", ""28 cm"": ""Genişlik"", ""23 cm"": ""Yükseklik"", ""Güç"": ""1200 W"", ""Işıklı Uyarı"": ""Var"", ""Otomatik Su Alımı"": ""Var"", ""Ölçü Kaşığı"": ""Var"", ""Sesli Uyarı"": ""Var"", ""Cezve Malzemesi"": ""Alüminyum"", ""Su Tankı"": ""Var"", ""Su Tankı Kapasitesi"": ""1 L"", ""Su Miktarını Belirleme"": ""Var"", ""Ürün Rengi"": ""Gümüş"", ""Cook Sense Teknolojisi (Pişmeyi Algılama)"": ""Var"", ""Anti Spill Teknolojisi (Taşmayı Önleme)"": ""Var"", ""Düşük Su Seviyesi Göstergesi"": ""Var"", ""Tek Tuşla Kontrol"": ""Var"", ""Spinjet Teknolojisi (Su Püskürterek Karıştırma)"": ""Var"", ""Cezve Rengi"": ""Gümüş"", ""Ağırlık: Paketsiz"": ""4.25 kg"", ""Boyut (cm) (GxYxD)"": ""22.8 cm"", ""Derinlik"": ""23.7 cm""}"
https://www.beko.com.tr/turk-kahve-makinesi/tkm-8961-z-kahve-makinesi,TKM 8961 Z Türk Kahve Makinesi,11.899 TL,"{""Fincan Kapasitesi"": ""6"", ""31 cm"": ""Derinlik"", ""25 cm"": ""Genişlik"", ""20 cm"": ""Yükseklik"", ""İndüksiyonlu Isıtma"": ""Var"", ""Güç"": ""1100 W"", ""Işıklı Uyarı"": ""Var"", ""Otomatik Su Alımı"": ""Var"", ""Ölçü Kaşığı"": ""Var"", ""Sesli Uyarı"": ""Var"", ""Cezve Malzemesi"": ""Paslanmaz Çelik"", ""Su Tankı"": ""Var"", ""Su Tankı Kapasitesi"": ""1.5 L"", ""Su Miktarını Belirleme"": ""Var"", ""Ürün Rengi"": ""Gri"", ""Cook Sense Teknolojisi (Pişmeyi Algılama)"": ""Var"", ""Anti Spill Teknolojisi (Taşmayı Önleme)"": ""Var"", ""Düşük Su Seviyesi Göstergesi"": ""Var"", ""Tek Tuşla Kontrol"": ""Var"", ""Spinjet Teknolojisi (Su Püskürterek Karıştırma)"": ""Var"", ""Cezve Rengi"": ""İnoks"", ""Fincan Boyutu Seçimi"": ""Var"", ""Ağırlık: Paketsiz"": ""3.515 kg"", ""Boyut (cm) (GxYxD)"": ""20 cm"", ""Derinlik"": ""31.2 cm""}"
https://www.beko.com.tr/kahve-ogutucu/ko-8410-kahve-makinesi,KO 8410 Kahve Öğütücü,1.359 TL,"{""Motor Gücü"": ""180 W"", ""Kapasite"": ""53 g"", ""Bıçak"": ""Paslanmaz Çelik"", ""12 cm"": ""Genişlik"", ""21 cm"": ""Yükseklik"", ""Dokunmatik Bas - Çek Teknolojisi"": ""Var""}"
https://www.beko.com.tr/yari-otomatik-espresso-makinesi/cep-5302-b-kahve-makinesi,CEP 5302 B CaffeExperto® Yarı Otomatik Espresso Makinesi,6.649 TL,"{""Kahve Çeşidi Sayısı"": ""2"", ""43 cm"": ""Derinlik"", ""15 cm"": ""Genişlik"", ""31 cm"": ""Yükseklik"", ""Ürün rengi"": ""Siyah"", ""Güç"": ""1628 W"", ""Pompa Basıncı"": ""15 bar"", ""Çekirdekten fincana kahve"": ""Hayır"", ""Fincan Boyutu Seçimi"": ""Var"", ""Elektronik Kontrol Arayüzü"": ""Var"", ""Çıkarılabilir Su tankı"": ""Var"", ""Su Tankı Kapasitesi"": ""1100 mL"", ""Çıkarılabilir Demleme Ünitesi"": ""Var"", ""Ağırlık: Paketsiz"": ""3.531 kg"", ""Boyut (cm) (GxYxD)"": ""14.5 cm"", ""Derinlik"": ""42.5 cm"", ""Voltaj"": ""220-240""}"
https://www.beko.com.tr/filtre-kahve-makinesi/fk-5414-kahve-makinesi,FK 5414 Retro Filtre Kahve Makinesi,5.699 TL,"{""Fincan Kapasitesi"": ""12 adet"", ""Karaf Malzemesi"": ""Cam"", ""19 cm"": ""Derinlik"", ""26 cm"": ""Genişlik"", ""36 cm"": ""Yükseklik"", ""Dijital Saatli LCD Ekran"": ""Var"", ""Çıkarılabilir Filtre Tutucusu"": ""Var"", ""Ürün rengi"": ""Inoks"", ""Güç"": ""1000 W"", ""Progranlanabilen baslangıç zamanı"": ""Var"", ""Su göstergesi"": ""Var"", ""Otomatik Kapanma"": ""Var"", ""Sıcak Tutma Özelliği"": ""Var"", ""Damlama Durdurma Fonksiyonu"": ""Var"", ""Zamanlayıcı"": ""Var"", ""Ağırlık: Paketsiz"": ""2.4 kg"", ""Boyut (cm) (GxYxD)"": ""26 cm"", ""Derinlik"": ""19 cm"", ""Voltaj"": ""220-240""}"
https://www.beko.com.tr/turk-kahve-makinesi/bkk-2700-keyf-profesyonel-kahve-makinesi,BKK 2700 Keyf Profesyonel Türk Kahve Makinesi,91.599 TL,"{""Fincan Kapasitesi"": ""9"", ""36 cm"": ""Derinlik"", ""48 cm"": ""Genişlik"", ""34 cm"": ""Yükseklik"", ""Güç"": ""2600 W"", ""Işıklı Uyarı"": ""Var"", ""Otomatik Su Alımı"": ""Var"", ""Ölçü Kaşığı"": ""Var"", ""Sesli Uyarı"": ""Var"", ""Cezve Malzemesi"": ""Paslanmaz Çelik"", ""Su Tankı"": ""Var"", ""Su Tankı Kapasitesi"": ""4.5 L"", ""Su Miktarını Belirleme"": ""Var"", ""Ürün Rengi"": ""İnoks"", ""Cook Sense Teknolojisi (Pişmeyi Algılama)"": ""Var"", ""Anti Spill Teknolojisi (Taşmayı Önleme)"": ""Var"", ""Düşük Su Seviyesi Göstergesi"": ""Var"", ""Tek Tuşla Kontrol"": ""Var"", ""Spinjet Teknolojisi (Su Püskürterek Karıştırma)"": ""Var"", ""Cezve Rengi"": ""İnoks"", ""Otomatik Temizleme"": ""Var"", ""Ağırlık: Paketsiz"": ""15 kg"", ""Boyut (cm) (GxYxD)"": ""34.4 cm"", ""Derinlik"": ""36 cm""}"
https://www.beko.com.tr/kahve-demleme-ekipmanlari/morning-dream-sut-kopurtme-makinesi-kahve-makinesi,Morning Dream Süt Köpürtme Makinesi Kahve Demleme Ekipmanları,21.250 TL,"{""38 cm"": ""Derinlik"", ""10 cm"": ""Genişlik"", ""24 cm"": ""Yükseklik"", ""Ağırlık: Paketsiz"": ""4.5 kg"", ""Boyut (cm) (GxYxD)"": ""10 cm"", ""Derinlik"": ""37.9 cm"", ""Voltaj"": ""220-240""}"
https://www.beko.com.tr/kahve-demleme-ekipmanlari/morning-dream-sut-kopurtucu-beyaz-kahve-makinesi,Morning Dream Süt Köpürtücü Beyaz Kahve Demleme Ekipmanları,21.250 TL,"{""38 cm"": ""Derinlik"", ""10 cm"": ""Genişlik"", ""24 cm"": ""Yükseklik"", ""Ağırlık: Paketsiz"": ""4.5 kg"", ""Boyut (cm) (GxYxD)"": ""10 cm"", ""Derinlik"": ""37.9 cm"", ""Voltaj"": ""220-240""}"
https://www.beko.com.tr/kahve-demleme-ekipmanlari/espresso-perfetto-siyah-tamper-kahve-makinesi,Espresso Perfetto Siyah Tamper Kahve Demleme Ekipmanları,"2.624,96 TL","{""8 cm"": ""Derinlik"", ""6 cm"": ""Genişlik"", ""9 cm"": ""Yükseklik"", ""Ağırlık: Paketsiz"": ""0.454 kg"", ""Boyut (cm) (GxYxD)"": ""6 cm"", ""Derinlik"": ""7.5 cm"", ""Voltaj"": ""220-240""}"
https://www.beko.com.tr/kahve-demleme-ekipmanlari/espresso-perfetto-tamper-istasyon-klasik-kahve-makinesi,Espresso Perfetto Tamper İstasyon Klasik Kahve Demleme Ekipmanları,1.260 TL,"{""12 cm"": ""Derinlik"", ""9 cm"": ""Genişlik"", ""6 cm"": ""Yükseklik"", ""Ağırlık: Paketsiz"": ""0.267 kg"", ""Boyut (cm) (GxYxD)"": ""9 cm"", ""Derinlik"": ""12 cm"", ""Voltaj"": ""220-240""}"
https://www.beko.com.tr/kahve-demleme-ekipmanlari/rocket-tamper-kahve-makinesi,Rocket Tamper Kahve Demleme Ekipmanları,"3.674,98 TL","{""12 cm"": ""Derinlik"", ""9 cm"": ""Genişlik"", ""6 cm"": ""Yükseklik"", ""Ağırlık: Paketsiz"": ""0.267 kg"", ""Boyut (cm) (GxYxD)"": ""9 cm"", ""Derinlik"": ""12 cm"", ""Voltaj"": ""220-240""}"
https://www.beko.com.tr/kahve-demleme-ekipmanlari/rocket-tamper-leveler-siyah-kahve-makinesi,Rocket Tamper & Leveler Siyah Kahve Demleme Ekipmanları,"3.674,98 TL","{""6 cm"": ""Derinlik"", ""5 cm"": ""Genişlik"", ""4 cm"": ""Yükseklik"", ""Ağırlık: Paketsiz"": ""0.514 kg"", ""Boyut (cm) (GxYxD)"": ""4.5 cm"", ""Derinlik"": ""6 cm"", ""Voltaj"": ""220-240""}"
https://www.beko.com.tr/kahve-demleme-ekipmanlari/rocket-competition-sutluk-bakir-kahve-makinesi,Rocket Competition Sütlük Bakır Kahve Demleme Ekipmanları,"2.467,46 TL","{""6 cm"": ""Derinlik"", ""10 cm"": ""Genişlik"", ""9 cm"": ""Yükseklik"", ""Ağırlık: Paketsiz"": ""0.148 kg"", ""Boyut (cm) (GxYxD)"": ""9.5 cm"", ""Derinlik"": ""6 cm"", ""Voltaj"": ""220-240""}"
https://www.beko.com.tr/kapsul-kahve-makinesi/morning-kapsul-kahve-makinesi-siyah-kahve-makinesi,Morning Kapsül Kahve Makinesi Siyah Kapsül Kahve Makinesi,27.750 TL,"{""40 cm"": ""Derinlik"", ""10 cm"": ""Genişlik"", ""26 cm"": ""Yükseklik""}"
https://www.beko.com.tr/kapsul-kahve-makinesi/morning-kapsul-kahve-makinesi-beyaz-kahve-makinesi,Morning Kapsül Kahve Makinesi Beyaz Kapsül Kahve Makinesi,27.750 TL,"{""40 cm"": ""Derinlik"", ""10 cm"": ""Genişlik"", ""26 cm"": ""Yükseklik""}"
https://www.beko.com.tr/espresso-makinesi/profitec-move-kahve-makinesi-kahve-makinesi,Profitec Move Kahve Makinesi Espresso Makinesi,"113.662,46 TL","{""45 cm"": ""Derinlik"", ""27 cm"": ""Genişlik"", ""38 cm"": ""Yükseklik"", ""Güç"": ""2300 W"", ""Pompa Basıncı"": ""9 bar"", ""Su Tankı Kapasitesi"": ""2800 mL"", ""Kapsül Kahve"": ""Hayır"", ""Ağırlık: Paketsiz"": ""18.7 kg"", ""Boyut (cm) (GxYxD)"": ""27 cm"", ""Derinlik"": ""44.5 cm"", ""Voltaj"": ""220-240""}"
https://www.beko.com.tr/kahve-ogutucu/eureka-mignon-crono-siyah-kahve-makinesi,Eureka Mignon Crono Siyah Kahve Öğütücü,"14.962,50 TL","{""Motor Gücü"": ""310 W"", ""Kapasite"": ""300 g"", ""19 cm"": ""Derinlik"", ""12 cm"": ""Genişlik"", ""35 cm"": ""Yükseklik""}"
https://www.beko.com.tr/kahve-ogutucu/eureka-mignon-crono-beyaz-kahve-makinesi,Eureka Mignon Crono Beyaz Kahve Öğütücü,"14.962,50 TL","{""Motor Gücü"": ""310 W"", ""Kapasite"": ""300 g"", ""19 cm"": ""Derinlik"", ""12 cm"": ""Genişlik"", ""35 cm"": ""Yükseklik""}"
https://www.beko.com.tr/kahve-ogutucu/stone-pebble-kahve-ogutucu-krom-kahve-makinesi,Stone Pebble Kahve Öğütücü Krom Kahve Öğütücü,"29.399,96 TL","{""Motor Gücü"": ""310 W"", ""Kapasite"": ""300 g"", ""18 cm"": ""Derinlik"", ""13 cm"": ""Genişlik"", ""38 cm"": ""Yükseklik"", ""Dokunmatik Bas - Çek Teknolojisi"": ""Var""}"
https://www.beko.com.tr/espresso-makinesi/nespresso-essenza-mini-d30-red-kahve-makinesi,Nespresso Essenza Mini D30 Red Espresso Makinesi,9.999 TL,"{""Kahve Çeşidi Sayısı"": ""2"", ""33 cm"": ""Derinlik"", ""11 cm"": ""Genişlik"", ""21 cm"": ""Yükseklik"", ""Ürün rengi"": ""Kırmızı"", ""Güç"": ""1450 W"", ""Pompa Basıncı"": ""19 bar"", ""Fincan Boyutu Seçimi"": ""Var"", ""Çıkarılabilir Su tankı"": ""Var"", ""Kapsül Kahve"": ""Evet"", ""Ağırlık: Paketsiz"": ""2.1 kg"", ""Boyut (cm) (GxYxD)"": ""11.1 cm"", ""Derinlik"": ""32.5 cm"", ""Voltaj"": ""220-240""}"
https://www.beko.com.tr/espresso-makinesi/nespresso-creatista-pro-kahve-makinesi,Nespresso Creatista Pro Espresso Makinesi,49.999 TL,"{""Kahve Çeşidi Sayısı"": ""9"", ""50 cm"": ""Derinlik"", ""25 cm"": ""Genişlik"", ""3 cm"": ""Yükseklik"", ""Ürün rengi"": ""Gri"", ""Güç"": ""2300 W"", ""Pompa Basıncı"": ""19 bar"", ""Fincan Boyutu Seçimi"": ""Var"", ""Otomatik Kireç Temizleme Özelliği"": ""Var"", ""Çıkarılabilir Su tankı"": ""Var"", ""Su Sıcaklık Ayarı (EM)"": ""Var"", ""Su Tankı Kapasitesi"": ""2 mL"", ""Kapsül Kahve"": ""Evet"", ""Ağırlık: Paketsiz"": ""6.6 kg"", ""Boyut (cm) (GxYxD)"": ""25 cm"", ""Derinlik"": ""49.9 cm"", ""Voltaj"": ""220-240""}"
https://www.beko.com.tr/espresso-makinesi/nespresso-aeroccino-4-sut-kopurtucu-kahve-makinesi,Nespresso Aeroccino 4 Süt Köpürtücü Espresso Makinesi,5.999 TL,"{""10 cm"": ""Genişlik"", ""17 cm"": ""Yükseklik"", ""Ağırlık: Paketsiz"": ""1.03 kg"", ""Boyut (cm) (GxYxD)"": ""10 cm"", ""Derinlik"": ""10 cm"", ""Voltaj"": ""220-240""}"
https://www.beko.com.tr/espresso-makinesi/nespresso-pixie-titan-ve--aeroccino-3-kahve-makinesi,Nespresso Pixie Titan ve  Aeroccino 3 Espresso Makinesi,14.499 TL,"{""Kahve Çeşidi Sayısı"": ""2"", ""33 cm"": ""Derinlik"", ""11 cm"": ""Genişlik"", ""24 cm"": ""Yükseklik"", ""Ürün rengi"": ""Gri"", ""Güç"": ""1350 W"", ""Pompa Basıncı"": ""19 bar"", ""Fincan Boyutu Seçimi"": ""Var"", ""Çıkarılabilir Su tankı"": ""Var"", ""Kapsül Kahve"": ""Evet"", ""Ağırlık: Paketsiz"": ""3.6 kg"", ""Boyut (cm) (GxYxD)"": ""11.1 cm"", ""Derinlik"": ""32.6 cm"", ""Voltaj"": ""220-240""}"
https://www.beko.com.tr/espresso-makinesi/nespresso-gran-lattissima-black-kahve-makinesi,Nespresso Gran Lattissima Black Espresso Makinesi,27.999 TL,"{""Kahve Çeşidi Sayısı"": ""9"", ""37 cm"": ""Derinlik"", ""20 cm"": ""Genişlik"", ""28 cm"": ""Yükseklik"", ""Ürün rengi"": ""Siyah"", ""Güç"": ""1450 W"", ""Pompa Basıncı"": ""19 bar"", ""Fincan Boyutu Seçimi"": ""Var"", ""Otomatik Kireç Temizleme Özelliği"": ""Var"", ""Çıkarılabilir Su tankı"": ""Var"", ""Su Tankı Kapasitesi"": ""1 mL"", ""Kapsül Kahve"": ""Evet"", ""Ağırlık: Paketsiz"": ""5.2 kg"", ""Boyut (cm) (GxYxD)"": ""20 cm"", ""Derinlik"": ""37 cm"", ""Voltaj"": ""220-240""}"
https://www.beko.com.tr/espresso-makinesi/nespresso-essenza-mini-matt-black-kahve-makinesi,Nespresso Essenza Mini Matt Black Espresso Makinesi,9.999 TL,"{""Kahve Çeşidi Sayısı"": ""2"", ""33 cm"": ""Derinlik"", ""11 cm"": ""Genişlik"", ""21 cm"": ""Yükseklik"", ""Güç"": ""1450 W"", ""Pompa Basıncı"": ""19 bar"", ""Fincan Boyutu Seçimi"": ""Var"", ""Çıkarılabilir Su tankı"": ""Var"", ""Kapsül Kahve"": ""Evet"", ""Ağırlık: Paketsiz"": ""2.1 kg"", ""Boyut (cm) (GxYxD)"": ""11.1 cm"", ""Derinlik"": ""32.5 cm"", ""Voltaj"": ""220-240""}"
https://www.beko.com.tr/espresso-makinesi/nespresso-gran-lattissima-white-kahve-makinesi,Nespresso Gran Lattissima White Espresso Makinesi,27.999 TL,"{""Kahve Çeşidi Sayısı"": ""9"", ""37 cm"": ""Derinlik"", ""20 cm"": ""Genişlik"", ""28 cm"": ""Yükseklik"", ""Ürün rengi"": ""Beyaz"", ""Güç"": ""1450 W"", ""Pompa Basıncı"": ""19 bar"", ""Fincan Boyutu Seçimi"": ""Var"", ""Otomatik Kireç Temizleme Özelliği"": ""Var"", ""Çıkarılabilir Su tankı"": ""Var"", ""Su Tankı Kapasitesi"": ""1 mL"", ""Kapsül Kahve"": ""Evet"", ""Ağırlık: Paketsiz"": ""5.2 kg"", ""Boyut (cm) (GxYxD)"": ""20 cm"", ""Derinlik"": ""37 cm"", ""Voltaj"": ""220-240""}"
https://www.beko.com.tr/espresso-makinesi/rocket-appartamento-tca-white-kahve-makinesi,Rocket Appartamento TCA White Espresso Makinesi,"91.874,98 TL","{""45 cm"": ""Derinlik"", ""27 cm"": ""Genişlik"", ""36 cm"": ""Yükseklik"", ""Ürün rengi"": ""Inoks"", ""Güç"": ""1350 W"", ""Pompa Basıncı"": ""9 bar"", ""Çıkarılabilir Su tankı"": ""Var"", ""Su Sıcaklık Ayarı (EM)"": ""Var"", ""Su Tankı Kapasitesi"": ""2500 mL"", ""Kapsül Kahve"": ""Hayır"", ""Ağırlık: Paketsiz"": ""22 kg"", ""Boyut (cm) (GxYxD)"": ""27 cm"", ""Derinlik"": ""44.8 cm"", ""Voltaj"": ""220-240""}"
https://www.beko.com.tr/espresso-makinesi/rocket-appartamento-tca-black-kahve-makinesi,Rocket Appartamento TCA Black Espresso Makinesi,"94.762,46 TL","{""45 cm"": ""Derinlik"", ""27 cm"": ""Genişlik"", ""36 cm"": ""Yükseklik"", ""Ürün rengi"": ""Inoks"", ""Güç"": ""1350 W"", ""Pompa Basıncı"": ""9 bar"", ""Çıkarılabilir Su tankı"": ""Var"", ""Su Sıcaklık Ayarı (EM)"": ""Var"", ""Su Tankı Kapasitesi"": ""2500 mL"", ""Kapsül Kahve"": ""Hayır"", ""Ağırlık: Paketsiz"": ""22 kg"", ""Boyut (cm) (GxYxD)"": ""27 cm"", ""Derinlik"": ""44.8 cm"", ""Voltaj"": ""220-240""}"
https://www.beko.com.tr/kahve-demleme-ekipmanlari/brewista-flat-v-cone-cam-dripper-kahve-makinesi,Brewista Flat V Cone Cam Dripper Kahve Demleme Ekipmanları,"2.079,18 TL","{""13 cm"": ""Genişlik"", ""12 cm"": ""Yükseklik"", ""Ağırlık: Paketsiz"": ""0.3 kg"", ""Boyut (cm) (GxYxD)"": ""13 cm"", ""Derinlik"": ""13 cm"", ""Voltaj"": ""220-240""}"
https://www.beko.com.tr/kahve-demleme-ekipmanlari/tiamo-paslanmaz-k02-dripper-kahve-makinesi,Tiamo Paslanmaz K02 Dripper Kahve Demleme Ekipmanları,"1.837,46 TL","{""11 cm"": ""Genişlik"", ""7 cm"": ""Yükseklik"", ""Ağırlık: Paketsiz"": ""0.192 kg"", ""Boyut (cm) (GxYxD)"": ""11 cm"", ""Derinlik"": ""11 cm"", ""Voltaj"": ""220-240""}"
https://www.beko.com.tr/kahve-demleme-ekipmanlari/rocket-kahve-atik-kabi-kahve-makinesi,Rocket Kahve Atık Kabı Kahve Demleme Ekipmanları,3.150 TL,"{""10 cm"": ""Genişlik"", ""14 cm"": ""Yükseklik"", ""Ağırlık: Paketsiz"": ""0.662 kg"", ""Boyut (cm) (GxYxD)"": ""10 cm"", ""Derinlik"": ""10 cm"", ""Voltaj"": ""220-240""}"
https://www.beko.com.tr/kahve-demleme-ekipmanlari/brewista-artisan-isi-ayarli-beyaz-kettle-kahve-makinesi,Brewista Artisan Isı Ayarlı Beyaz Kettle Kahve Demleme Ekipmanları,"13.387,50 TL","{""21 cm"": ""Genişlik"", ""27 cm"": ""Yükseklik"", ""Ağırlık: Paketsiz"": ""2 kg"", ""Boyut (cm) (GxYxD)"": ""21 cm"", ""Derinlik"": ""21 cm"", ""Voltaj"": ""220-240""}"
https://www.beko.com.tr/kahve-ogutucu/rocket-super-fausto-krom-kahve-makinesi,Rocket Super Fausto Krom Kahve Öğütücü,"79.799,96 TL","{""Motor Gücü"": ""500 W"", ""Kapasite"": ""600 g"", ""28 cm"": ""Derinlik"", ""18 cm"": ""Genişlik"", ""48 cm"": ""Yükseklik"", ""Dokunmatik Bas - Çek Teknolojisi"": ""Var""}"
https://www.beko.com.tr/kahve-ogutucu/eureka-atom-w-65-beyaz-kahve-makinesi,Eureka Atom W 65 Beyaz Kahve Öğütücü,77.948 TL,"{""Motor Gücü"": ""280 W"", ""Kapasite"": ""1200 g"", ""24 cm"": ""Derinlik"", ""18 cm"": ""Genişlik"", ""48 cm"": ""Yükseklik"", ""Dokunmatik Bas - Çek Teknolojisi"": ""Var""}"
https://www.beko.com.tr/kahve-demleme-ekipmanlari/rocket-koseli-tamper-mati-kahve-makinesi,Rocket Köşeli Tamper Matı Kahve Demleme Ekipmanları,"1.469,98 TL","{""22 cm"": ""Derinlik"", ""16 cm"": ""Genişlik"", ""3 cm"": ""Yükseklik"", ""Ağırlık: Paketsiz"": ""0.207 kg"", ""Boyut (cm) (GxYxD)"": ""15.5 cm"", ""Derinlik"": ""22 cm"", ""Voltaj"": ""220-240""}"
https://www.beko.com.tr/kahve-demleme-ekipmanlari/ecm-sutluk-360-ml--kahve-makinesi,ECM Sütlük 360 ml. Kahve Demleme Ekipmanları,"1.994,96 TL","{""8 cm"": ""Derinlik"", ""11 cm"": ""Yükseklik"", ""Ağırlık: Paketsiz"": ""0.2 kg"", ""Boyut (cm) (GxYxD)"": ""11 cm"", ""Derinlik"": ""8 cm"", ""Voltaj"": ""220-240""}"
https://www.beko.com.tr/kahve-demleme-ekipmanlari/ecm-sutluk-600-ml--kahve-makinesi,ECM Sütlük 600 ml. Kahve Demleme Ekipmanları,"2.152,46 TL","{""10 cm"": ""Derinlik"", ""12 cm"": ""Yükseklik"", ""Ağırlık: Paketsiz"": ""0.278 kg"", ""Boyut (cm) (GxYxD)"": ""12 cm"", ""Derinlik"": ""10 cm"", ""Voltaj"": ""220-240""}"
https://www.beko.com.tr/kahve-demleme-ekipmanlari/profitec-sutluk-kahve-makinesi,Profitec Sütlük Kahve Demleme Ekipmanları,"2.362,50 TL","{""8 cm"": ""Derinlik"", ""11 cm"": ""Yükseklik"", ""Ağırlık: Paketsiz"": ""0.286 kg"", ""Boyut (cm) (GxYxD)"": ""11 cm"", ""Derinlik"": ""8 cm"", ""Voltaj"": ""220-240""}"
https://www.beko.com.tr/kahve-demleme-ekipmanlari/rocket-tamper-leveler-metalik-kahve-makinesi,Rocket Tamper & Leveler Metalik Kahve Demleme Ekipmanları,"3.674,98 TL","{""6 cm"": ""Derinlik"", ""5 cm"": ""Genişlik"", ""4 cm"": ""Yükseklik"", ""Ağırlık: Paketsiz"": ""0.514 kg"", ""Boyut (cm) (GxYxD)"": ""4.5 cm"", ""Derinlik"": ""6 cm"", ""Voltaj"": ""220-240""}"
https://www.beko.com.tr/espresso-makinesi/stone-mine-premium-kahve-makinesi-green-kahve-makinesi,Stone Mine Premium Kahve Makinesi Green Espresso Makinesi,"73.447,48 TL","{""44 cm"": ""Derinlik"", ""23 cm"": ""Genişlik"", ""36 cm"": ""Yükseklik"", ""Ürün rengi"": ""inox ve yeşil"", ""Güç"": ""1000 W"", ""Pompa Basıncı"": ""9 bar"", ""Çıkarılabilir Su tankı"": ""Var"", ""Su Tankı Kapasitesi"": ""1200 mL"", ""Ağırlık: Paketsiz"": ""20.5 kg"", ""Boyut (cm) (GxYxD)"": ""22.5 cm"", ""Derinlik"": ""44 cm"", ""Voltaj"": ""220-240""}"
https://www.beko.com.tr/espresso-makinesi/stone-mine-premium-kahve-makinesi-chrome-kahve-makinesi,Stone Mine Premium Kahve Makinesi Chrome Espresso Makinesi,"78.697,46 TL","{""44 cm"": ""Derinlik"", ""23 cm"": ""Genişlik"", ""36 cm"": ""Yükseklik"", ""Güç"": ""1000 W"", ""Pompa Basıncı"": ""9 bar"", ""Çıkarılabilir Su tankı"": ""Var"", ""Su Tankı Kapasitesi"": ""1200 mL"", ""Ağırlık: Paketsiz"": ""20.5 kg"", ""Boyut (cm) (GxYxD)"": ""22.5 cm"", ""Derinlik"": ""44 cm"", ""Voltaj"": ""220-240""}"
https://www.beko.com.tr/espresso-makinesi/stone-mine-premium-kahve-makinesi-wood-kahve-makinesi,Stone Mine Premium Kahve Makinesi Wood Espresso Makinesi,"83.947,50 TL","{""44 cm"": ""Derinlik"", ""23 cm"": ""Genişlik"", ""36 cm"": ""Yükseklik"", ""Güç"": ""1000 W"", ""Pompa Basıncı"": ""9 bar"", ""Çıkarılabilir Su tankı"": ""Var"", ""Su Tankı Kapasitesi"": ""1200 mL"", ""Ağırlık: Paketsiz"": ""20.5 kg"", ""Boyut (cm) (GxYxD)"": ""22.5 cm"", ""Derinlik"": ""44 cm"", ""Voltaj"": ""220-240""}"
https://www.beko.com.tr/espresso-makinesi/profitec-pro-go-kahve-makinesi-siyah-kahve-makinesi,Profitec Pro Go Kahve Makinesi Siyah Espresso Makinesi,"54.599,96 TL","{""38 cm"": ""Derinlik"", ""21 cm"": ""Genişlik"", ""36 cm"": ""Yükseklik"", ""Ürün rengi"": ""Siyah"", ""Güç"": ""1200 W"", ""Pompa Basıncı"": ""9 bar"", ""Su Sıcaklık Ayarı (EM)"": ""Var"", ""Su Tankı Kapasitesi"": ""2800 mL"", ""Kapsül Kahve"": ""Hayır"", ""Ağırlık: Paketsiz"": ""12.9 kg"", ""Boyut (cm) (GxYxD)"": ""21 cm"", ""Derinlik"": ""38.1 cm"", ""Voltaj"": ""220-240""}"
https://www.beko.com.tr/kahve-ogutucu/eureka-mignon-specialita-beyaz--kahve-makinesi,Eureka Mignon Specialita Beyaz  Kahve Öğütücü,26.775 TL,"{""Motor Gücü"": ""310 W"", ""Kapasite"": ""300 g"", ""19 cm"": ""Derinlik"", ""12 cm"": ""Genişlik"", ""35 cm"": ""Yükseklik"", ""Dokunmatik Bas - Çek Teknolojisi"": ""Var""}"
https://www.beko.com.tr/espresso-makinesi/lelit-mara-x-v2-inox-kahve-makinesi,Lelit Mara X V2 Inox Espresso Makinesi,"77.437,46 TL","{""41 cm"": ""Derinlik"", ""22 cm"": ""Genişlik"", ""35 cm"": ""Yükseklik"", ""Ürün rengi"": ""Inoks"", ""Güç"": ""1300 W"", ""Pompa Basıncı"": ""9 bar"", ""Çıkarılabilir Su tankı"": ""Var"", ""Su Sıcaklık Ayarı (EM)"": ""Var"", ""Su Tankı Kapasitesi"": ""2500 mL"", ""Kapsül Kahve"": ""Hayır"", ""Ağırlık: Paketsiz"": ""18 kg"", ""Boyut (cm) (GxYxD)"": ""22 cm"", ""Derinlik"": ""41 cm"", ""Voltaj"": ""220-240""}"
https://www.beko.com.tr/kahve-demleme-ekipmanlari/cekmeceli-kahve-atik-kutusu-mini-kahve-makinesi,Çekmeceli Kahve Atık Kutusu Mini Kahve Demleme Ekipmanları,"5.512,50 TL","{""28 cm"": ""Derinlik"", ""14 cm"": ""Genişlik"", ""6 cm"": ""Yükseklik"", ""Ağırlık: Paketsiz"": ""1.572 kg"", ""Boyut (cm) (GxYxD)"": ""14 cm"", ""Derinlik"": ""28 cm"", ""Voltaj"": ""220-240""}"
https://www.beko.com.tr/espresso-makinesi/profitec-pro-go-kahve-makinesi-mavi-kahve-makinesi,Profitec Pro Go Kahve Makinesi Mavi Espresso Makinesi,56.700 TL,"{""38 cm"": ""Derinlik"", ""21 cm"": ""Genişlik"", ""36 cm"": ""Yükseklik"", ""Ürün rengi"": ""Siyah ve Şeffaf"", ""Güç"": ""1200 W"", ""Pompa Basıncı"": ""9 bar"", ""Su Sıcaklık Ayarı (EM)"": ""Var"", ""Su Tankı Kapasitesi"": ""2800 mL"", ""Kapsül Kahve"": ""Hayır"", ""Ağırlık: Paketsiz"": ""12.9 kg"", ""Boyut (cm) (GxYxD)"": ""21 cm"", ""Derinlik"": ""38.1 cm"", ""Voltaj"": ""220-240""}"
https://www.beko.com.tr/espresso-makinesi/profitec-pro-go-kahve-makinesi-sari-kahve-makinesi,Profitec Pro Go Kahve Makinesi Sarı Espresso Makinesi,56.700 TL,"{""38 cm"": ""Derinlik"", ""21 cm"": ""Genişlik"", ""36 cm"": ""Yükseklik"", ""Ürün rengi"": ""Siyah ve Şeffaf"", ""Güç"": ""1200 W"", ""Pompa Basıncı"": ""9 bar"", ""Su Sıcaklık Ayarı (EM)"": ""Var"", ""Su Tankı Kapasitesi"": ""2800 mL"", ""Kapsül Kahve"": ""Hayır"", ""Ağırlık: Paketsiz"": ""12.9 kg"", ""Boyut (cm) (GxYxD)"": ""21 cm"", ""Derinlik"": ""38.1 cm"", ""Voltaj"": ""220-240""}"
https://www.beko.com.tr/dondurma-makinesi/dm-5644-s-dondurma-makinesi,DM 5644 S CreamMix Dondurma Makinesi,9.999 TL,"{""23 cm"": ""Derinlik"", ""39 cm"": ""Genişlik"", ""35 cm"": ""Yükseklik""}"
https://www.beko.com.tr/tost-makinesi/tm-8946-i-crystal-pisirici,TM 8946 I Crystal Tost Makinesi,8.899 TL,"{""Güç"": ""2000 W"", ""Dilim Kapasitesi"": ""6"", ""Pişirme Yüzeyi"": ""Aşınmaya karşı 7 kata kadar daha dayanıklı Quantech plakalar"", ""Sıcaklık Ayarı"": ""Var"", ""Plaka Kullanımı"": ""Çift Yönlü"", ""34 cm"": ""Derinlik"", ""41 cm"": ""Genişlik"", ""12 cm"": ""Yükseklik"", ""Çıkarılabilir Plakalar"": ""Var"", ""Ürün Rengi"": ""İnoks"", ""Kilitleme Mandalı"": ""Var"", ""Yağ Toplama Haznesi"": ""Var"", ""Ağırlık: Paketsiz"": ""4.659 kg"", ""Boyut (cm) (GxYxD)"": ""40.5 cm"", ""Derinlik"": ""33.5 cm"", ""Açma/Kapama Düğmesi"": ""Var"", ""Kablo Sarma Yuvası"": ""Var""}"
https://www.beko.com.tr/airfryer-az-yagli-fritoz/fr-8284-fitfry-pisirici,FR 8284 FitFry® Airfryer & Az Yağlı Fritöz,8.959 TL,"{""Pişirme Kapasitesi"": ""8.5 L"", ""Otomatik Pişirme Program Sayısı"": ""9"", ""Güç"": ""2400 W"", ""36 cm"": ""Derinlik"", ""41 cm"": ""Genişlik"", ""31 cm"": ""Yükseklik"", ""Gövde Malzemesi"": ""Plastik"", ""Sepet"": ""Metal, Tutma Saplı"", ""Sıcaklık Kontrolü"": ""Var"", ""Pişirme Haznesi"": ""Çıkarılabilir, yanmaz, yapışmaz"", ""Zamanlayıcı"": ""Var"", ""Kapak"": ""Çekmece Sistemi"", ""Çalışma Göstergesi"": ""Var"", ""İç Hazne Malzemesi"": ""Yapışmaz Kaplama"", ""Sıcaklık Ayarı"": ""Var"", ""Ağırlık: Paketsiz"": ""4.8 kg"", ""Boyut (cm) (GxYxD)"": ""41 cm"", ""Derinlik"": ""36 cm"", ""İç Hazne Kapasitesi"": ""8.5 L"", ""Akıllı Bitirme Özelliği"": ""Var"", ""Bulaşık Makinesinde Yıkanabilir Aksesuarlar"": ""Var"", ""Haznelerini Eşleme Özelliği"": ""Var""}"
https://www.beko.com.tr/tost-makinesi/tm-2302-pisirici,TM 2302 Tost Makinesi,3.949 TL,"{""Güç"": ""700 W"", ""Pişirme Yüzeyi"": ""Yanmaz yapışmaz kaplama"", ""Plaka Kullanımı"": ""Tek Yönlü"", ""25 cm"": ""Derinlik"", ""23 cm"": ""Genişlik"", ""10 cm"": ""Yükseklik"", ""Çıkarılabilir Plakalar"": ""Var"", ""Ürün Rengi"": ""Siyah"", ""Kilitleme Mandalı"": ""Var"", ""Ağırlık: Paketsiz"": ""1.78 kg"", ""Boyut (cm) (GxYxD)"": ""23.1 cm"", ""Derinlik"": ""25.1 cm"", ""Açma/Kapama Düğmesi"": ""Var"", ""Kablo Sarma Yuvası"": ""Var""}"
https://www.beko.com.tr/airfryer-az-yagli-fritoz/fr-8374-beko-fitfry-steampro-pisirici,FR 8374 Beko FitFry® SteamPro® Airfryer & Az Yağlı Fritöz,10.799 TL,"{""Pişirme Kapasitesi"": ""7 L L"", ""Otomatik Pişirme Program Sayısı"": ""8"", ""Güç"": ""2750 W"", ""27 cm"": ""Derinlik"", ""38 cm"": ""Genişlik"", ""33 cm"": ""Yükseklik"", ""Gövde Malzemesi"": ""Plastik"", ""Sepet"": ""Metal, Tutma Saplı"", ""Sıcaklık Kontrolü"": ""Var"", ""Pişirme Haznesi"": ""Çıkarılabilir, yanmaz, yapışmaz"", ""Zamanlayıcı"": ""Var"", ""Kapak"": ""Çekmece Sistemi"", ""Çalışma Göstergesi"": ""Var"", ""İç Hazne Malzemesi"": ""Yapışmaz Kaplama"", ""Sıcaklık Ayarı"": ""Var"", ""Ağırlık: Paketsiz"": ""4.8 kg"", ""Boyut (cm) (GxYxD)"": ""38.4 cm"", ""Derinlik"": ""26.7 cm"", ""İç Hazne Kapasitesi"": ""7 L"", ""Bulaşık Makinesinde Yıkanabilir Aksesuarlar"": ""Var""}"
https://www.beko.com.tr/airfryer-az-yagli-fritoz/fra-8494-fitfry-3in1-pisirici,FRA 8494 FitFry® 3in1 Airfryer & Az Yağlı Fritöz,9.169 TL,"{""Pişirme Kapasitesi"": ""9.5 L"", ""Otomatik Pişirme Program Sayısı"": ""9"", ""Güç"": ""2400 W"", ""36 cm"": ""Derinlik"", ""41 cm"": ""Genişlik"", ""31 cm"": ""Yükseklik"", ""Gövde Malzemesi"": ""Plastik"", ""Sepet"": ""Detachable frying basket"", ""Sıcaklık Kontrolü"": ""Var"", ""Pişirme Haznesi"": ""Çıkarılabilir, yanmaz, yapışmaz"", ""Zamanlayıcı"": ""Var"", ""Kapak"": ""Çekmece Sistemi"", ""Çalışma Göstergesi"": ""Var"", ""İç Hazne Malzemesi"": ""Yapışmaz Kaplama"", ""Sıcaklık Ayarı"": ""Var"", ""Ağırlık: Paketsiz"": ""4.8 kg"", ""Boyut (cm) (GxYxD)"": ""41 cm"", ""Derinlik"": ""36 cm"", ""İç Hazne Kapasitesi"": ""9.5 L"", ""Akıllı Bitirme Özelliği"": ""Var"", ""Bulaşık Makinesinde Yıkanabilir Aksesuarlar"": ""Var"", ""LCD Ekran"": ""Var"", ""Haznelerini Eşleme Özelliği"": ""Var""}"
https://www.beko.com.tr/akilli-mutfak-robotu/smc-8491-pisirici,SMC 8491 Akıllı Mutfak Robotu,33.549 TL,"{""Doğrama Kabı Kapasitesi"": ""3 mL"", ""Doğrama Kabı Malzemesi"": ""Metal"", ""Kapasite"": ""3.5 oz"", ""45 cm"": ""Derinlik"", ""32 cm"": ""Genişlik"", ""36 cm"": ""Yükseklik"", ""Aksesuar Çantası"": ""Evet"", ""Kelebek Çırpıcı"": ""Evet"", ""Temizlik Fonksiyonu"": ""Evet"", ""Çıkarılabilir Bıçak"": ""Var"", ""Kolay Pişirme Fonksiyonu"": ""Yavaş Pişirme, Güveç, Sote, Poşe, Sıcak Tutma, Yeniden Isıtma, Haşlama, Buharda Pişirme, Yoğurt, Tarhana, Smoothie, Reçel"", ""Kolay Hazırlık Fonksiyonları"": ""Dilimleme, Parçalama, Rendeleme, Püre, Yoğurma, Çırpma, Hamur Kabartma, Harmanlama, Karıştırma, Pizza Hamuru"", ""Entegre Tarif Havuzu"": ""Evet"", ""Yoğurma Bıçakneading blade, multipurpose blade, sauté bladeğı, Çok amaçlı Bıçak, Sote Bıçağı"": ""Evet"", ""Buharlı Pişirime Sepeti"": ""Evet"", ""Buharlı Pişirme Tepsisi"": ""Evet"", ""Doğrama Bıçağı"": ""Var"", ""Dijital Ekran (3)"": ""Evet""}"
https://www.beko.com.tr/tost-makinesi/tm-5046-cb-floral-pisirici,TM 5046 CB Floral Tost Makinesi,9.349 TL,"{""Güç"": ""2400 W"", ""Dilim Kapasitesi"": ""6"", ""Pişirme Yüzeyi"": ""Aşınmaya karşı 7 kata kadar daha dayanıklı Quantech plakalar"", ""Sıcaklık Ayarı"": ""Var"", ""Plaka Kullanımı"": ""Çift Yönlü"", ""33 cm"": ""Derinlik"", ""39 cm"": ""Genişlik"", ""13 cm"": ""Yükseklik"", ""Çıkarılabilir Plakalar"": ""Var"", ""Ürün Rengi"": ""Siyah"", ""Farklı Renk Seçeneği"": ""Var"", ""Kilitleme Mandalı"": ""Var"", ""Yağ Toplama Haznesi"": ""Var"", ""Ağırlık: Paketsiz"": ""5 kg"", ""Boyut (cm) (GxYxD)"": ""39 cm"", ""Derinlik"": ""33 cm"", ""Açma/Kapama Düğmesi"": ""Var"", ""Kablo Sarma Yuvası"": ""Var""}"
https://www.beko.com.tr/tost-makinesi/tmw-5046-r-pisirici,TMW 5046 R Floral®2in1 & Waffle Makinesi Tost Makinesi,10.549 TL,"{""Güç"": ""2400 W"", ""Dilim Kapasitesi"": ""6"", ""Pişirme Yüzeyi"": ""Aşınmaya karşı 7 kata kadar daha dayanıklı Quantech plakalar"", ""Sıcaklık Ayarı"": ""Var"", ""Plaka Kullanımı"": ""Çift Yönlü"", ""33 cm"": ""Derinlik"", ""39 cm"": ""Genişlik"", ""13 cm"": ""Yükseklik"", ""Çıkarılabilir Plakalar"": ""Var"", ""Ürün Rengi"": ""Rose Gold"", ""Farklı Renk Seçeneği"": ""Var"", ""Kilitleme Mandalı"": ""Var"", ""Yağ Toplama Haznesi"": ""Var"", ""Waffle Plakası"": ""Var"", ""Ağırlık: Paketsiz"": ""5 kg"", ""Boyut (cm) (GxYxD)"": ""39 cm"", ""Derinlik"": ""33 cm"", ""Açma/Kapama Düğmesi"": ""Var"", ""Kablo Sarma Yuvası"": ""Var""}"
https://www.beko.com.tr/tost-makinesi/tm-5046-cw-floral-pisirici,TM 5046 CW Floral Tost Makinesi,9.349 TL,"{""Güç"": ""2400 W"", ""Dilim Kapasitesi"": ""6"", ""Pişirme Yüzeyi"": ""Aşınmaya karşı 7 kata kadar daha dayanıklı Quantech plakalar"", ""Sıcaklık Ayarı"": ""Var"", ""Plaka Kullanımı"": ""Çift Yönlü"", ""33 cm"": ""Derinlik"", ""39 cm"": ""Genişlik"", ""13 cm"": ""Yükseklik"", ""Çıkarılabilir Plakalar"": ""Var"", ""Ürün Rengi"": ""Mor"", ""Farklı Renk Seçeneği"": ""Var"", ""Kilitleme Mandalı"": ""Var"", ""Yağ Toplama Haznesi"": ""Var"", ""Ağırlık: Paketsiz"": ""5 kg"", ""Boyut (cm) (GxYxD)"": ""39 cm"", ""Derinlik"": ""33 cm"", ""Açma/Kapama Düğmesi"": ""Var"", ""Kablo Sarma Yuvası"": ""Var""}"
https://www.beko.com.tr/cok-amacli-pisirici/mc-5056-i-expertchef-multi-cooker-pisirici,MC 5056 I ExpertChef® Çok Amaçlı Pişirici,7.649 TL,"{""Ön Tanımlı Program"": ""10"", ""Tencere Kapasitesi"": ""5.5 L"", ""35 cm"": ""Derinlik"", ""34 cm"": ""Genişlik"", ""32 cm"": ""Yükseklik"", ""Basınç Kontrolü"": ""Var"", ""Sıcak Tutma"": ""Var"", ""Tandır Aparatı"": ""Var"", ""Sıcaklık Ayarlama"": ""Var"", ""Güç"": ""1100 W"", ""Zamanlayıcı"": ""Var"", ""Sıcaklık Ayarı"": ""Var"", ""Bulaşık Makinesinde Yıkanabilir Aksesuarlar"": ""Var"", ""İç Hazne Malzemesi"": ""Yapışmaz Kaplama"", ""LCD Ekran"": ""Var"", ""Aşırı Isınma Emniyeti"": ""Var"", ""Poşe Fonksiyonu"": ""Var"", ""Düdüklü Et / Tavuk Fonksiyonu"": ""Var"", ""Tarif Kitabı"": ""Var"", ""Yahni / Tencere Yemeği Fonksiyonu"": ""Var"", ""Sote Fonksiyonu"": ""Var"", ""Buharda Pilav Fonksiyonu"": ""Var"", ""Düdüklü Baklagiller Fonksiyonu"": ""Var"", ""Reçel Fonksiyonu"": ""Var"", ""Kısık Ateşte Pişirme Fonksiyonu"": ""Var"", ""Yoğurt Fonksiyonu"": ""Var"", ""Tandır Fonksiyonu"": ""Var""}"
https://www.beko.com.tr/ekmek-kizartma-makinesi/ek-5120-i-pisirici,EK 5120 I Ekmek Kızartma Makinesi,2.189 TL,"{""Güç"": ""850 W"", ""Farklı Kızartma Ayarı"": ""6"", ""18 cm"": ""Derinlik"", ""32 cm"": ""Genişlik"", ""20 cm"": ""Yükseklik"", ""Dilim Kapasitesi"": ""2"", ""Tekrar Isıtma"": ""Var"", ""Ürün Rengi"": ""İnoks"", ""Durdurma Düğmesi"": ""Var"", ""Manuel Ekmek Çıkarma Fonksiyonu"": ""Var"", ""Buz Çözme"": ""Var"", ""Simit Isıtma"": ""Var"", ""Kırıntı Çekmecesi"": ""Var"", ""Isıtma Rafı"": ""Var"", ""Ağırlık: Paketsiz"": ""1.78 kg"", ""Boyut (cm) (GxYxD)"": ""32 cm"", ""Derinlik"": ""17.7 cm"", ""Kablo Sarma Yuvası"": ""Var""}"
https://www.beko.com.tr/tost-makinesi/tmd-8546-c-pisirici,TMD 8546 C Tost Makinesi,8.299 TL,"{""Güç"": ""2400 W"", ""Dilim Kapasitesi"": ""6"", ""Pişirme Yüzeyi"": ""Aşınmaya karşı 7 kata kadar daha dayanıklı Armor plakalar"", ""Sıcaklık Ayarı"": ""Var"", ""Plaka Kullanımı"": ""Tek Yönlü"", ""33 cm"": ""Derinlik"", ""39 cm"": ""Genişlik"", ""13 cm"": ""Yükseklik"", ""Çıkarılabilir Plakalar"": ""Var"", ""Ürün Rengi"": ""Antrasit"", ""Farklı Renk Seçeneği"": ""Var"", ""Kilitleme Mandalı"": ""Var"", ""Yağ Toplama Haznesi"": ""Var"", ""Ağırlık: Paketsiz"": ""5 kg"", ""Boyut (cm) (GxYxD)"": ""39 cm"", ""Derinlik"": ""33 cm"", ""Açma/Kapama Düğmesi"": ""Var"", ""Kablo Sarma Yuvası"": ""Var""}"
https://www.beko.com.tr/tost-makinesi/tm-5206-g-pisirici,TM 5206 G Tost Makinesi,5.139 TL,"{""Güç"": ""2000 W"", ""Dilim Kapasitesi"": ""6"", ""Pişirme Yüzeyi"": ""Aşınmaya karşı 7 kata kadar daha dayanıklı Quantech plakalar"", ""Sıcaklık Ayarı"": ""Var"", ""Plaka Kullanımı"": ""Tek Yönlü"", ""35 cm"": ""Derinlik"", ""40 cm"": ""Genişlik"", ""14 cm"": ""Yükseklik"", ""Çıkarılabilir Plakalar"": ""Var"", ""Ürün Rengi"": ""Gri"", ""Kilitleme Mandalı"": ""Var"", ""Ağırlık: Paketsiz"": ""4.5 kg"", ""Boyut (cm) (GxYxD)"": ""40 cm"", ""Derinlik"": ""35 cm"", ""Kablo Sarma Yuvası"": ""Var""}"
