urun_linki,urun_adi,fiyat,teknik_ozellikler
https://www.beko.com.tr/kurutma-makinesi/cmb-1280-ykig-kurutma-makinesi,CMB 1280 YKIG Kurutma Makinesi,48.479 TL,"{""65 cm"": ""Derinlik"", ""60 cm"": ""Genişlik"", ""85 cm"": ""Yükseklik"", ""Ağırlık: Paketsiz"": ""78 kg"", ""Boyut (cm) (GxYxD)"": ""60 cm"", ""Derinlik"": ""65 cm"", ""Bağlantı"": ""Wi-Fi"", ""Yıka-kurut çevriminde ağırlıklı su tüketimi (W_wd) (L/cycle) (EU_2021_EP)"": ""78 L"", ""Eco 40-60 programında sıkma sırasındaki ses gücü sınıfı (EU_2021_EP) (WD)"": ""C""}"
https://www.beko.com.tr/kurutmali-camasir-makinesi/cmx-1070-yk-i-kurutmali-camasir-makinesi,CMX 1070 YK I Kurutmalı Çamaşır Makinesi,43.349 TL,"{""Yıka-kurut çeviriminde enerji verimlilik sınıfı (EU_2021_EP)"": ""D"", ""Kapasite"": ""10 kg"", ""Kurutma Kapasitesi"": ""7 kg"", ""60 cm"": ""Genişlik"", ""85 cm"": ""Yükseklik"", ""Gösterge Tipi"": ""Dijital Ekran"", ""Program Takip Göstergesi"": ""Var"", ""Zaman Programlama"": ""Var"", ""Kalan Zaman Göstergesi"": ""Var"", ""Dengesiz Yük Kontrolü"": ""Var"", ""Taşma Emniyeti"": ""Var"", ""Çocuk Kilidi"": ""Var"", ""Kurutma Teknolojisi"": ""Su Yoğuşturmalı"", ""Deterjan Sistemi"": ""Var"", ""Buhar"": ""Buhar"", ""Tambur Deseni"": ""Özel Tasarım Tambur"", ""Elektronik Su Kontrol Sistemi"": ""Var"", ""Program Sayısı"": ""15"", ""Program-1"": ""Pamuklu"", ""Program-2"": ""Eco 40-60"", ""Program-3"": ""Sentetik"", ""Program-4"": ""Ekspres / Ekspres 14'"", ""Program-5"": ""Delicates/Wool/HandWash"", ""Program-6"": ""Gömlek"", ""Program-7"": ""Spin + Drain"", ""Program-8"": ""Durulama"", ""Program-9"": ""Pamuklu Kurutma"", ""Program-10"": ""Sentetik Kurutma"", ""Program-11"": ""7 Kg Wash & Dry"", ""Program-12"": ""Antialerjik+"", ""Program-13"": ""Wash&Wear"", ""program-14"": ""Hygiene Therapy"", ""Program-15"": ""ColdWash"", ""Ürün Serisi"": ""bPRO 500"", ""Maksimum Sıkma Devri"": ""1200"", ""Su Girişi"": ""Tek (Soğuk)"", ""Ürün Rengi"": ""Beyaz"", ""Ürün Tipi"": ""Solo"", ""Ağırlık: Paketsiz"": ""71 kg"", ""Boyut (cm) (GxYxD)"": ""60 cm"", ""Derinlik"": ""60 cm"", ""Yıkama Performansı"": ""A""}"
https://www.beko.com.tr/set-ustu-ocak/bsoe-301-b-set-ustu-ocak,BSOE 301 B Set Üstü Ocak,5.370 TL,"{""Ocak Tipi Ve Göz Sayısı"": ""2 Gözü Elektrikli"", ""Ocak Yüzeyi"": ""Metal"", ""Ürün Rengi"": ""Beyaz"", ""Genişlik"": ""30 cm"", ""26 cm"": ""Derinlik"", ""48 cm"": ""Genişlik"", ""8 cm"": ""Yükseklik"", ""Ocak Tipi"": ""Elektrikli Ocak"", ""Ürün Tipi"": ""Solo"", ""Ağırlık: Paketsiz"": ""7.86 kg"", ""Derinlik"": ""26 cm"", ""Boyut (cm) (GxYxD)"": ""47.5 cm"", ""Kontrol Tipi ve Yeri"": ""Düğmeden Kontrol / Ön"", ""Sol Bölme"": ""Ø180mm - 1500W""}"
https://www.beko.com.tr/mikrodalga-firin/bmd-310-ds-mikrodalga-firin,BMD 310 DS Mikrodalga Fırın,11.217 TL,"{""Mikrodalga Kontrol Paneli"": ""Elektronik"", ""Mikrodalga Çıkış Gücü"": ""900 W"", ""Ürün Rengi"": ""Gümüş"", ""Ürün Tipi"": ""Solo"", ""Mikrodalga Hacmi"": ""30"", ""38 cm"": ""Derinlik"", ""51 cm"": ""Genişlik"", ""30 cm"": ""Yükseklik"", ""Ağırlık: Paketsiz"": ""14.5 kg"", ""Boyut (cm) (GxYxD)"": ""51 cm"", ""Derinlik"": ""38.2 cm"", ""Mikrodalga Fırın Türü"": ""Mikrodalga"", ""Zamanlayıcı Tipi"": ""Mekanik"", ""Döner Tabla"": ""Var"", ""Kapak Açma Mekanizma Tipi"": ""Yana Açılan - Düğme ile""}"
https://www.beko.com.tr/su-sebili/5550-bu-su-sebili,5550 BU Su Sebili,10.349 TL,"{""Damacana Yeri"": ""Üstten Yüklemeli"", ""Ürün Rengi"": ""Beyaz"", ""Musluk"": ""Soğuk - Sıcak"", ""Ürün Tipi"": ""Tam Boy Su Pınarı"", ""Tank Materyali"": ""Paslanmaz Çelik"", ""32 cm"": ""Derinlik"", ""31 cm"": ""Genişlik"", ""93 cm"": ""Yükseklik"", ""Soğuk su tank kapasitesi (L)"": ""3 L"", ""Soğuk Su Derecesi Aralığı"": ""≤10 C"", ""Sıcak su tank kapasitesi (L)"": ""1.1 L"", ""Sıcak Su Derecesi Aralığı"": ""80-90"", ""Soğutma Kapasitesi (lt/saat)"": ""2 L/h"", ""Isıtma Kapasitesi (ml)"": ""4 L/h"", ""Ağırlık: Paketsiz"": ""11.2 kg"", ""Boyut (cm) (GxYxD)"": ""31 cm"", ""Derinlik"": ""32 cm"", ""Kontrol Sistemi Tipi"": ""Mekanik"", ""Adaptör Damacana Kapağı"": ""Var""}"
https://www.beko.com.tr/beyaz-esya-yedek-parca-ve-aksesuarlari/55mm-kapi-rafi-70cm-baskisiz-sef-gri-286-beyaz-esya-yedek-parca-ve-aksesuarlari,Kapı Rafı Gri 70 cm Beyaz Eşya Yedek Parça ve Aksesuarları,260 TL,{}
https://www.beko.com.tr/beyaz-esya-yedek-parca-ve-aksesuarlari/arcelik-yeni-yumurtalik-sef286-demode-beyaz-esya-yedek-parca-ve-aksesuarlari,Yumuttalık Şeffaf Beyaz Eşya Yedek Parça ve Aksesuarları,260 TL,{}
https://www.beko.com.tr/beyaz-esya-yedek-parca-ve-aksesuarlari/mikrofiltre-gr-alt-0-ral-7037-beyaz-esya-yedek-parca-ve-aksesuarlari,Mikrofiltre Grubu Beyaz Eşya Yedek Parça ve Aksesuarları,525 TL,{}
https://www.beko.com.tr/beyaz-esya-yedek-parca-ve-aksesuarlari/mikrofiltre-gr-3ringsizral-7037-beyaz-esya-yedek-parca-ve-aksesuarlari,Mikrofiltre Grubu Ringsiz Beyaz Eşya Yedek Parça ve Aksesuarları,525 TL,{}
https://www.beko.com.tr/beyaz-esya-yedek-parca-ve-aksesuarlari/cekmece-kapak-gr-194mm-sef-gri286-sekil-beyaz-esya-yedek-parca-ve-aksesuarlari,Çekmece Kapak Grubu Şeffaf Beyaz Eşya Yedek Parça ve Aksesuarları,350 TL,{}
https://www.beko.com.tr/beyaz-esya-yedek-parca-ve-aksesuarlari/kapi-rafi-gr-55mm-gri-286-tampon-beyaz-esya-yedek-parca-ve-aksesuarlari,Kapı Rafı Gri 55 cm Beyaz Eşya Yedek Parça ve Aksesuarları,260 TL,{}
https://www.beko.com.tr/beyaz-esya-yedek-parca-ve-aksesuarlari/kapi-rafi-gr-gri-286-tampon-beyaz-esya-yedek-parca-ve-aksesuarlari,Kapı Rafı Gri Beyaz Eşya Yedek Parça ve Aksesuarları,260 TL,{}
https://www.beko.com.tr/beyaz-esya-yedek-parca-ve-aksesuarlari/atlantis-alt-pervane-gr-2-ral-7037-beyaz-esya-yedek-parca-ve-aksesuarlari,Alt Pervane Grubu Beyaz Eşya Yedek Parça ve Aksesuarları,300 TL,{}
https://www.beko.com.tr/beyaz-esya-yedek-parca-ve-aksesuarlari/ust-pervane-gr-komple-60-cm-ral-7016-beyaz-esya-yedek-parca-ve-aksesuarlari,Üst Pervane Grubu Beyaz Eşya Yedek Parça ve Aksesuarları,260 TL,{}
https://www.beko.com.tr/beyaz-esya-yedek-parca-ve-aksesuarlari/cekmece-gr-frz-kucuk-tsiz-t215-s-hs-beyaz-esya-yedek-parca-ve-aksesuarlari,Çekmece Grubu Beyaz Eşya Yedek Parça ve Aksesuarları,750 TL,{}
https://www.beko.com.tr/gazli-cam-tablali-ocak/bomd-d-6110-eid-ankastre-ocak,BOMD D 6110 EID Gazlı Cam Tablalı Ocak,7.870 TL,"{""Ocak Tipi Ve Göz Sayısı"": ""4 Gözü Gazlı"", ""Ürün Rengi"": ""İnoks"", ""Verimlilik"": ""64,0"", ""51 cm"": ""Derinlik"", ""61 cm"": ""Genişlik"", ""4 cm"": ""Yükseklik"", ""Gaz Tipi"": ""Doğalgaz"", ""Ocak Tipi"": ""Gazlı Ocak"", ""Gaz Emniyet Sistemi"": ""Var"", ""Ürün Tipi"": ""Ankastre"", ""Ocak Yüzeyi"": ""Paslanmaz Çelik"", ""Kahve Beki Adaptörü"": ""Siyah Emaye"", ""Bek Şapkası Tipi"": ""Düz Parlak"", ""Ağırlık: Paketsiz"": ""7.7 kg"", ""Derinlik"": ""51 cm"", ""Boyut (cm) (GxYxD)"": ""61 cm"", ""Niş Boyutlar (YxGxD) (cm)"": ""hx560x490"", ""Kontrol Tipi ve Yeri"": ""Düğmeden Kontrol / Yan"", ""Sol Ön Bölme"": ""2,9 kW"", ""Sağ Arka Bölme"": ""2 kW"", ""Ocak Ateşleme Tipi"": ""Düğmeden Ateşleme"", ""Toplam Elektrik Gücü (kW)"": ""1 W"", ""Tencere Izgara Tipi"": ""Parlak Emaye"", ""Çerçeve"": ""Çerçevesiz"", ""Genişlik"": ""61 cm (60 cm ile Aynı Alana Montaj Kolaylığı)"", ""Sağ Ön Bölme"": ""1 kW"", ""Sol Arka Bölme"": ""2 kW"", ""PractiClean Nano Kaplama"": ""Var""}"
https://www.beko.com.tr/duvar-tipi-davlumbaz/adp61420-id-ankastre-davlumbazlar,ADP61420 ID Duvar Tipi Davlumbaz,8.968 TL,"{""Motor Tipi"": ""Standart Motor"", ""Minimum Ses Seviyesi"": ""53 dBA"", ""47 cm"": ""Derinlik"", ""60 cm"": ""Genişlik"", ""25 cm"": ""Yükseklik"", ""Davlumbaz Tipi"": ""Piramit Davlumbazlar"", ""Ürün Rengi"": ""İnoks"", ""Genişlik"": ""60 cm"", ""Maksimum Çekiş Gücü"": ""400 m³/h"", ""Enerji Sınıfı"": ""D"", ""Yağ Filtre Adedi"": ""2"", ""Montaj Yüksekliği (mm)"": ""65"", ""Motor Sayısı"": ""1"", ""Bulaşık Makinesinde Yıkanabilir Filtre"": ""Var"", ""Kontrol Tipi"": ""Mekanik - Push Button"", ""Lamba Adedi"": ""2"", ""Lamba Tipi"": ""Led"", ""Lamba Gücü (W)"": ""4W"", ""Kademe Sayısı"": ""3"", ""Karbon Filtre"": ""Opsiyonel"", ""Filtre Tipi"": ""Alüminyum Kaset"", ""Ağırlık: Paketsiz"": ""8.23 kg"", ""Boyut (cm) (GxYxD)"": ""59.8 cm"", ""Derinlik"": ""47 cm"", ""Her Kademe İçin Ses Güçleri (DIN/EN 60704-3 standardına göre)"": ""53 - 55 - 64 dBA""}"
https://www.beko.com.tr/ankastre-surgulu-aspirator/p-41-ts-ankastre-aspiratorler,P 41 TS Ankastre Sürgülü Aspiratör,9.113 TL,"{""Genişlik"": ""60 cm"", ""Maksimum Çekiş Gücü"": ""300 m³/h"", ""Minimum Ses Seviyesi"": ""50 dBA"", ""Ürün Rengi"": ""Siyah"", ""30 cm"": ""Derinlik"", ""60 cm"": ""Genişlik"", ""18 cm"": ""Yükseklik"", ""Motor Tipi"": ""Standart Motor"", ""Enerji Sınıfı"": ""C"", ""Kontrol Tipi"": ""Mekanik-rocker switch"", ""Lamba Adedi"": ""2"", ""Lamba Tipi"": ""Led"", ""Lamba Gücü (W)"": ""4W"", ""Kademe Sayısı"": ""3"", ""Karbon Filtre"": ""Opsiyonel"", ""Filtre Tipi"": ""Çelik Kaset"", ""Her Kademe İçin Ses Güçleri (DIN/EN 60704-3 standardına göre)"": ""50-...-64"", ""Ağırlık: Paketsiz"": ""5.2 kg"", ""Boyut (cm) (GxYxD)"": ""59.9 cm"", ""Derinlik"": ""30.1 cm"", ""Yağ Filtre Adedi"": ""2"", ""Motor Sayısı"": ""1"", ""Bulaşık Makinesinde Yıkanabilir Filtre"": ""Var""}"
https://www.beko.com.tr/tam-ankastre-bulasik-makinesi/bb-240-ankastre-bulasik-makineleri,BB 240 Tam Ankastre Bulaşık Makinesi,30.329 TL,"{""Ürün Tipi"": ""Tam Ankastre"", ""Ses Seviyesi"": ""48 dBA"", ""Su Tüketimi"": ""12.9 L"", ""Kapasite"": ""13"", ""55 cm"": ""Derinlik"", ""60 cm"": ""Genişlik"", ""82 cm"": ""Yükseklik"", ""Program Sayısı"": ""4 Program"", ""Ekran Tipi"": ""LED"", ""Paslanmaz Çelik İç Gövde"": ""Var"", ""Enerji Sınıfı"": ""D"", ""Tablet Deterjan Fonksiyonu"": ""Var"", ""Bardak Koruma Sistemi"": ""Var"", ""Fonksiyon 1"": ""Tablet Deterjan"", ""Fonksiyon 2"": ""Yarım Yük"", ""Motor Tipi"": ""Standart"", ""Yarım Yük Yıkama"": ""Var"", ""Yere Işık Yansıtma Özelliği"": ""Var"", ""Üst Sepet Ayar Tipi"": ""3 Kademeli Ayar"", ""Zaman Erteleme Fonksiyonu"": ""3, 6 veya 9 Saat"", ""Program"": ""Optimum 65°C"", ""Program Sıcaklıkları (°C)"": ""35-50-65-70"", ""Yüksekliği Ayarlanabilir Fincan Rafları"": ""Var"", ""Fincan Raf Sayısı"": ""2"", ""Alt Sepet Katlanır Tel Sayısı"": ""4"", ""Üst Sepet Katlanır Tel Sayısı"": ""3"", ""Çatal Kaşık Sepeti"": ""Hareketli"", ""Ekonomi Programı Süresi (dk)"": ""280"", ""Güç (W)"": ""1800 - 2100 W"", ""Akım (A)"": ""10"", ""Enerji Tüketimi"": ""0.836 kWh"", ""Ağırlık: Paketsiz"": ""34.1 kg"", ""Boyut (cm) (GxYxD)"": ""59.8 cm"", ""Derinlik"": ""55 cm"", ""Parlatıcı Göstergesi"": ""Var"", ""Tuz Göstergesi"": ""Var"", ""Mobilya Kapak Ağırlığı (Min-Maks)"": ""3,0 - 6,0 kg"", ""Mobilya Kapak Ağırlık Ayarı"": ""Otomatik"", ""Önden Ayarlanablir Arka Ayaklar"": ""Var"", ""Yüksek Bazaya Montaj"": ""Var (Maksimum 50 cm)"", ""Su Güvenlik Sistemi"": ""Taşma Emniyeti"", ""Tezgah Altı Yüksekliği"": ""82-87 cm""}"
https://www.beko.com.tr/ankastre-mikrodalgalar/bmmk-2020-i-ankastre-mikrodalgalar,BMMK 2020 I Ankastre Mikrodalga Çerçevesi Ankastre Mikrodalgalar,5.279 TL,"{""4 cm"": ""Derinlik"", ""59 cm"": ""Genişlik"", ""39 cm"": ""Yükseklik"", ""Ağırlık: Paketsiz"": ""2 kg"", ""Boyut (cm) (GxYxD)"": ""59.2 cm"", ""Derinlik"": ""4.2 cm""}"
https://www.beko.com.tr/pisirici-yedek-parca-ve-aksesuarlari/cam-surahi-pisirici-yedek-parca-ve-aksesuarlari,Cam Demlik Grubu Beyaz Kapaklı Pişirici Yedek Parça ve Aksesuarları,600 TL,{}
https://www.beko.com.tr/portatif-klima/21220-p-klima,21220 P Portatif Klima 12.000 Btu/h Portatif Klima,31.596 TL,"{""Soğutma Kapasitesi"": ""11680 BTU/h"", ""Çoklu Programlama Özelliği"": ""24 Saat"", ""40 cm"": ""Derinlik"", ""47 cm"": ""Genişlik"", ""77 cm"": ""Yükseklik"", ""Voltaj"": ""220-240"", ""Soğutucu Akışkan"": ""R290"", ""Otomatik Hava Yönlendirme (Yukarı-Aşağı)"": ""Var"", ""Nem Alma"": ""Var"", ""Gizli Gösterge"": ""LED Gösterge"", ""Uyku Mode"": ""Var"", ""İç Ünite Soğutma Çalışma Aralığı(°C)"": ""17-35℃""}"
https://www.beko.com.tr/seramik-isitici/bk-chf-bm-elektrikli-isitici,BK CHF BM Seramik Isıtıcı,4.549 TL,"{""Maksimum Nominal Güç"": ""2000 W"", ""Sıcaklık Ayarı Sayısı"": ""3"", ""18 cm"": ""Derinlik"", ""19 cm"": ""Genişlik"", ""58 cm"": ""Yükseklik"", ""Ürün Tipi"": ""Seramik Isıtıcı"", ""Yakıt Cinsi"": ""Elektrik"", ""Salınım Fonsiyonu"": ""Var"", ""Fan"": ""Var"", ""Elektrik Tüketimi"": ""2 kWh"", ""Ürün Rengi"": ""Siyah"", ""Aşırı Isınma Emniyeti"": ""Var"", ""Devrilme Emniyeti"": ""Var"", ""Derinlik"": ""18.4 cm"", ""Boyut (cm) (GxYxD)"": ""58 cm"", ""Ağırlık: Paketsiz"": ""2.3 kg""}"
https://www.beko.com.tr/standart-termosifon/bkt-500-b-termosifon,BKT 500 B  50 lt. Standart Termosifon,13.639 TL,"{""Kapasite"": ""50 L"", ""Isıtma Gücü"": ""1800 W"", ""44 cm"": ""Genişlik"", ""56 cm"": ""Yükseklik"", ""Enerji sınıfı (WH) (EP)"": ""C"", ""Titanyum Emaye Kaplamalı Kazan"": ""Var"", ""Çalışma Basıncı"": ""10 bar"", ""Maksimum Çalışma Basıncı"": ""13 bar"", ""İzolasyon"": ""Monoblok Poliuretan"", ""Aşırı Isınma Emniyeti"": ""Var"", ""Yüksek Basınç Emniyet Valfi"": ""Var"", ""Susuz Çalışma Emniyeti"": ""Var"", ""Donma Emniyeti"": ""Var"", ""Korozyona Karşı Koruma"": ""Var"", ""Koruma Sınıfı"": ""IP 25"", ""NTC Sensörü"": ""Var"", ""Ağırlık: Paketsiz"": ""22 kg"", ""Boyut (cm) (GxYxD)"": ""44 cm"", ""Derinlik"": ""44 cm""}"
https://www.beko.com.tr/premix-yogusmali-kombi/prodens-24-plus-premix-kombi,PRODENS 24 PLUS PREMIX Premix Yoğuşmalı Kombi,30.999 TL,"{""Cihaz Tipi"": ""Premix Tam Yoğuşmalı"", ""Kapasite (kW)"": ""22 kW"", ""Mevsimsel Mahal Isıtma Enerji Verimliliği Sınıfı"": ""A"", ""Mevsimsel Mahal Isıtma Enerji Verimliliği (hs)"": ""92 %"", ""Maksimum Sıcak Su Debisi"": ""11 L/min"", ""28 cm"": ""Derinlik"", ""40 cm"": ""Genişlik"", ""70 cm"": ""Yükseklik"", ""Yerden Isıtmaya Uygunluk"": ""Var"", ""Oda Termostatı İle Çalışma"": ""Var"", ""Su ısıtma Enerji Verimliliği (hWH)"": ""85.2 %"", ""Ses Gücü Seviyesi, İç Ortam (LWA)"": ""52 dBA"", ""Su Isıtma Enerji Verimliliği Sınıfı"": ""A"", ""Su Isıtma Yük Profili"": ""XL"", ""Alev Modülasyonu"": ""Var"", ""Fan Modülasyonu"": ""Var"", ""Baca Tipi"": ""Hermetik"", ""Genleşme Tankı kapasitesi"": ""7 L"", ""Yakıt Tipi"": ""Doğalgaz"", ""Arıza Teşhis Sistemi"": ""Var"", ""Emniyet Termostatı"": ""Var"", ""Emniyet Ventili"": ""Var"", ""Hava Emiş Emniyeti"": ""Var"", ""Alev Sönme Emniyeti"": ""Var"", ""3 Yollu Vana Blokaj Sistemi"": ""Var"", ""Otomatik By-Pass Sistemi"": ""Var"", ""Pompa Anti Blokaj Sistemi"": ""Var"", ""Donma Emniyeti"": ""Var"", ""Ağırlık: Paketsiz"": ""31 kg"", ""Boyut (cm) (GxYxD)"": ""39.5 cm"", ""Derinlik"": ""27.5 cm""}"
https://www.beko.com.tr/nem-alma-cihazi/41650-nac-nem-alma-cihazi,41650 NAC Nem Alma Cihazı,9.649 TL,"{""Günlük Max. Kapasite"": ""10"", ""Su Haznesi Max. Kapasite"": ""2.2 L"", ""Çalışma Modu"": ""Kurutma"", ""20 cm"": ""Derinlik"", ""28 cm"": ""Genişlik"", ""40 cm"": ""Yükseklik"", ""Soğutucu Gaz"": ""R290"", ""Zamanlayıcı"": ""Var"", ""Toz Filtresi"": ""Var"", ""Nem Oranı Göstergesi"": ""Var"", ""Boyut (cm) (GxYxD)"": ""40.2 cm"", ""Ağırlık: Paketsiz"": ""9.8 kg""}"
https://www.beko.com.tr/isitma-sogutma-yedek-parca-ve-aksesuarlari/uzaktan-kumanda-gr-lg-beko-yedek-parca-isitma-sogutma-yedek-parca-ve-aksesuarlari,Uzaktan Kumanda Beko Baskılı Isıtma Soğutma Yedek Parça ve Aksesuarları,700 TL,{}
https://www.beko.com.tr/kahve-demleme-ekipmanlari/rocket-tamper-leveler-siyah-kahve-makinesi,Rocket Tamper & Leveler Siyah Kahve Demleme Ekipmanları,"3.674,98 TL","{""6 cm"": ""Derinlik"", ""5 cm"": ""Genişlik"", ""4 cm"": ""Yükseklik"", ""Ağırlık: Paketsiz"": ""0.514 kg"", ""Boyut (cm) (GxYxD)"": ""4.5 cm"", ""Derinlik"": ""6 cm"", ""Voltaj"": ""220-240""}"
https://www.beko.com.tr/kucuk-ev-aletleri-yedek-parca-ve-aksesuarlari/cezve-grubu-mat-fircali-kucuk-ev-aletleri-yedek-parca-ve-aksesuarlari,Cezve Grubu İndüksiyonlu Küçük Ev Aletleri Yedek Parça ve Aksesuarları,850 TL,{}
https://www.beko.com.tr/kucuk-ev-aletleri-yedek-parca-ve-aksesuarlari/karaf-grubu-arcelik-kucuk-ev-aletleri-yedek-parca-ve-aksesuarlari,Cam Demlik Grubu Kapaklı Küçük Ev Aletleri Yedek Parça ve Aksesuarları,1.300 TL,{}
https://www.beko.com.tr/kucuk-ev-aletleri-yedek-parca-ve-aksesuarlari/pisirme-haznesi-grubu-akromid-gri-kucuk-ev-aletleri-yedek-parca-ve-aksesuarlari,Cezve Grubu Akromid Gri Küçük Ev Aletleri Yedek Parça ve Aksesuarları,650 TL,{}
https://www.beko.com.tr/kucuk-ev-aletleri-yedek-parca-ve-aksesuarlari/su-deposu-kapagi-kucuk-ev-aletleri-yedek-parca-ve-aksesuarlari,SU DEPOSU KAPAGI Küçük Ev Aletleri Yedek Parça ve Aksesuarları,220 TL,{}
https://www.beko.com.tr/kucuk-ev-aletleri-yedek-parca-ve-aksesuarlari/cezve-grubu-bakir-boyali-kucuk-ev-aletleri-yedek-parca-ve-aksesuarlari,Cezve Grubu Bakır Küçük Ev Aletleri Yedek Parça ve Aksesuarları,850 TL,{}
https://www.beko.com.tr/kucuk-ev-aletleri-yedek-parca-ve-aksesuarlari/pisirme-haznesi-gr-turk-srg-servis-kucuk-ev-aletleri-yedek-parca-ve-aksesuarlari,Cezve Grubu Serigrafili Küçük Ev Aletleri Yedek Parça ve Aksesuarları,1.400 TL,{}
https://www.beko.com.tr/kucuk-ev-aletleri-yedek-parca-ve-aksesuarlari/uzatma-borusu-gr-gr01-plastik-askisiz-kucuk-ev-aletleri-yedek-parca-ve-aksesuarlari,Teleskobik Boru Plastik Askısız Küçük Ev Aletleri Yedek Parça ve Aksesuarları,450 TL,{}
https://www.beko.com.tr/kucuk-ev-aletleri-yedek-parca-ve-aksesuarlari/hortum-gr-komp-gr01-l-1700-s-630-s-635-kucuk-ev-aletleri-yedek-parca-ve-aksesuarlari,Hortum Grubu Gri Küçük Ev Aletleri Yedek Parça ve Aksesuarları,600 TL,{}
https://www.beko.com.tr/kucuk-ev-aletleri-yedek-parca-ve-aksesuarlari/pisirme-haznesi-grubu-lal-441-taban-kucuk-ev-aletleri-yedek-parca-ve-aksesuarlari,Cezve Grubu Lal Küçük Ev Aletleri Yedek Parça ve Aksesuarları,650 TL,{}
https://www.beko.com.tr/kucuk-ev-aletleri-yedek-parca-ve-aksesuarlari/uzatma-boru-grcin-teleskobik-32-l-558-kucuk-ev-aletleri-yedek-parca-ve-aksesuarlari,Teleskobik Boru Su filtreli Küçük Ev Aletleri Yedek Parça ve Aksesuarları,600 TL,{}
https://www.beko.com.tr/kucuk-ev-aletleri-yedek-parca-ve-aksesuarlari/sarj-grubu-kucuk-ev-aletleri-yedek-parca-ve-aksesuarlari,Şarj Grubu Küçük Ev Aletleri Yedek Parça ve Aksesuarları,1.600 TL,{}
https://www.beko.com.tr/kucuk-ev-aletleri-yedek-parca-ve-aksesuarlari/pil-grubu-kucuk-ev-aletleri-yedek-parca-ve-aksesuarlari,Pil Grubu Şarjlı Dik Süpürge Küçük Ev Aletleri Yedek Parça ve Aksesuarları,4.000 TL,{}
https://www.beko.com.tr/kucuk-ev-aletleri-yedek-parca-ve-aksesuarlari/ana-firca-kucuk-ev-aletleri-yedek-parca-ve-aksesuarlari,Fırça Grubu Küçük Ev Aletleri Yedek Parça ve Aksesuarları,850 TL,{}
https://www.beko.com.tr/kucuk-ev-aletleri-yedek-parca-ve-aksesuarlari/on-motor-filtresi-kucuk-ev-aletleri-yedek-parca-ve-aksesuarlari,Filtre Ön Motor Küçük Ev Aletleri Yedek Parça ve Aksesuarları,300 TL,{}
https://www.beko.com.tr/kucuk-ev-aletleri-yedek-parca-ve-aksesuarlari/on-motor-hepa-filtre-kucuk-ev-aletleri-yedek-parca-ve-aksesuarlari,Hepa Filtre Ön Motor Küçük Ev Aletleri Yedek Parça ve Aksesuarları,300 TL,{}
https://www.beko.com.tr/kucuk-ev-aletleri-yedek-parca-ve-aksesuarlari/sweeper-ii-firca-kucuk-ev-aletleri-yedek-parca-ve-aksesuarlari,Fırça Grubu Sweeper Küçük Ev Aletleri Yedek Parça ve Aksesuarları,1.700 TL,{}
https://www.beko.com.tr/kucuk-ev-aletleri-yedek-parca-ve-aksesuarlari/adaptor-vde-kucuk-ev-aletleri-yedek-parca-ve-aksesuarlari,Adaptör SD-2061 Küçük Ev Aletleri Yedek Parça ve Aksesuarları,475 TL,{}
https://www.beko.com.tr/kucuk-ev-aletleri-yedek-parca-ve-aksesuarlari/dograyici-ust-bicak-kucuk-ev-aletleri-yedek-parca-ve-aksesuarlari,Bıçak Tutucu Küçük Ev Aletleri Yedek Parça ve Aksesuarları,400 TL,{}
https://www.beko.com.tr/kucuk-ev-aletleri-yedek-parca-ve-aksesuarlari/boru-grubu-kucuk-ev-aletleri-yedek-parca-ve-aksesuarlari,Şarjlı Dik Süpürge Boru Grubu Küçük Ev Aletleri Yedek Parça ve Aksesuarları,800 TL,{}
https://www.beko.com.tr/kucuk-ev-aletleri-yedek-parca-ve-aksesuarlari/br-ar-ren-disktut-bicak-grb-s-kucuk-ev-aletleri-yedek-parca-ve-aksesuarlari,Çırpıcı Bıçak Grubu Siyah Küçük Ev Aletleri Yedek Parça ve Aksesuarları,350 TL,{}
https://www.beko.com.tr/kucuk-ev-aletleri-yedek-parca-ve-aksesuarlari/br-ar-renhazne-grb-ag-s-ag-s-kucuk-ev-aletleri-yedek-parca-ve-aksesuarlari,Hazne Grubu Siyah Saplı AG Küçük Ev Aletleri Yedek Parça ve Aksesuarları,500 TL,{}
https://www.beko.com.tr/kucuk-ev-aletleri-yedek-parca-ve-aksesuarlari/bv-ar-cirpici-grubu-b-cg-kucuk-ev-aletleri-yedek-parca-ve-aksesuarlari,Çırpıcı Bıçak Grubu Beyaz Küçük Ev Aletleri Yedek Parça ve Aksesuarları,350 TL,{}
https://www.beko.com.tr/kucuk-ev-aletleri-yedek-parca-ve-aksesuarlari/cop-kovasi-assy-yeni-kucuk-ev-aletleri-yedek-parca-ve-aksesuarlari,Toz Haznesi Yeni Küçük Ev Aletleri Yedek Parça ve Aksesuarları,550 TL,{}
https://www.beko.com.tr/kucuk-ev-aletleri-yedek-parca-ve-aksesuarlari/k---1252-dograyici-govde-grubu--beyaz-kucuk-ev-aletleri-yedek-parca-ve-aksesuarlari,Doğrayıcı Gövde Grubu B Küçük Ev Aletleri Yedek Parça ve Aksesuarları,425 TL,{}
https://www.beko.com.tr/kucuk-ev-aletleri-yedek-parca-ve-aksesuarlari/k---1252-parcalayici-bicak-komple---beya-kucuk-ev-aletleri-yedek-parca-ve-aksesuarlari,Bıçak Grubu Beyaz Küçük Ev Aletleri Yedek Parça ve Aksesuarları,375 TL,{}
https://www.beko.com.tr/kucuk-ev-aletleri-yedek-parca-ve-aksesuarlari/kahve-potu-kapak-ile-birlikte-kucuk-ev-aletleri-yedek-parca-ve-aksesuarlari,Cam Demlik Grubu Siyah Kapaklı FKM 4 Küçük Ev Aletleri Yedek Parça ve Aksesuarları,525 TL,{}
https://www.beko.com.tr/kucuk-ev-aletleri-yedek-parca-ve-aksesuarlari/plastik-dograyici-bicagi-kucuk-ev-aletleri-yedek-parca-ve-aksesuarlari,Çırpıcı Bıçak Grubu Gri Küçük Ev Aletleri Yedek Parça ve Aksesuarları,375 TL,{}
https://www.beko.com.tr/kucuk-ev-aletleri-yedek-parca-ve-aksesuarlari/plastik-kap-1500ml-kucuk-ev-aletleri-yedek-parca-ve-aksesuarlari,Plastik Kap 1500 ml Küçük Ev Aletleri Yedek Parça ve Aksesuarları,425 TL,{}
https://www.beko.com.tr/kucuk-ev-aletleri-yedek-parca-ve-aksesuarlari/su-tanki-kucuk-ev-aletleri-yedek-parca-ve-aksesuarlari,Su Tankı Grubu Robot Süpürge Küçük Ev Aletleri Yedek Parça ve Aksesuarları,350 TL,{}
https://www.beko.com.tr/kucuk-ev-aletleri-yedek-parca-ve-aksesuarlari/sup-ucu-eski-kap-se-std-hp-kucuk-ev-aletleri-yedek-parca-ve-aksesuarlari,Fırça Grubu Ucu Eski Tip Küçük Ev Aletleri Yedek Parça ve Aksesuarları,650 TL,{}
https://www.beko.com.tr/kucuk-ev-aletleri-yedek-parca-ve-aksesuarlari/tc28-ekzost-hepa-filtre-yeni-contali-fo-kucuk-ev-aletleri-yedek-parca-ve-aksesuarlari,Hepa Filtre Contalı Küçük Ev Aletleri Yedek Parça ve Aksesuarları,300 TL,{}
https://www.beko.com.tr/kucuk-ev-aletleri-yedek-parca-ve-aksesuarlari/jaguar-hepa-filtre-h12-tc57--kucuk-ev-aletleri-yedek-parca-ve-aksesuarlari,Hepa Filtre Jaguar Küçük Ev Aletleri Yedek Parça ve Aksesuarları,425 TL,{}
https://www.beko.com.tr/kucuk-ev-aletleri-yedek-parca-ve-aksesuarlari/karistirma-kabi-seffaf-kucuk-ev-aletleri-yedek-parca-ve-aksesuarlari,Karıştırma Kabı Küçük Ev Aletleri Yedek Parça ve Aksesuarları,400 TL,{}
https://www.beko.com.tr/kucuk-ev-aletleri-yedek-parca-ve-aksesuarlari/robot-bicagi-grubu-kucuk-ev-aletleri-yedek-parca-ve-aksesuarlari,Bıçak Grubu Küçük Ev Aletleri Yedek Parça ve Aksesuarları,375 TL,{}
https://www.beko.com.tr/kucuk-ev-aletleri-yedek-parca-ve-aksesuarlari/yv-hava-giris-filtre-grubu-kucuk-ev-aletleri-yedek-parca-ve-aksesuarlari,Filtre Hava Giriş Küçük Ev Aletleri Yedek Parça ve Aksesuarları,300 TL,{}
https://www.beko.com.tr/kucuk-ev-aletleri-yedek-parca-ve-aksesuarlari/br-ar-rende-disli-kutu-grb-b-s-kucuk-ev-aletleri-yedek-parca-ve-aksesuarlari,Blender Dişli Grubu Siyah Küçük Ev Aletleri Yedek Parça ve Aksesuarları,525 TL,{}
https://www.beko.com.tr/kucuk-ev-aletleri-yedek-parca-ve-aksesuarlari/br-ar-rende-hazne-grb-s-dug-yp-kucuk-ev-aletleri-yedek-parca-ve-aksesuarlari,Hazne Grubu Siyah Saplı Küçük Ev Aletleri Yedek Parça ve Aksesuarları,500 TL,{}
https://www.beko.com.tr/kucuk-ev-aletleri-yedek-parca-ve-aksesuarlari/firca-grubu-kucuk-ev-aletleri-yedek-parca-ve-aksesuarlari,Fırça Grubu SD 3061 Küçük Ev Aletleri Yedek Parça ve Aksesuarları,1.100 TL,{}
https://www.beko.com.tr/kucuk-ev-aletleri-yedek-parca-ve-aksesuarlari/komple-bicak-16285gri-kucuk-ev-aletleri-yedek-parca-ve-aksesuarlari,Bıçak Grubu Komple Küçük Ev Aletleri Yedek Parça ve Aksesuarları,375 TL,{}
https://www.beko.com.tr/kucuk-ev-aletleri-yedek-parca-ve-aksesuarlari/surahi-kapagi-kucuk-ev-aletleri-yedek-parca-ve-aksesuarlari,Sürahi Kapak Küçük Ev Aletleri Yedek Parça ve Aksesuarları,210 TL,{}
https://www.beko.com.tr/kucuk-ev-aletleri-yedek-parca-ve-aksesuarlari/az-yh-yv-hepa-filtre-h13-siy-kucuk-ev-aletleri-yedek-parca-ve-aksesuarlari,Hepa Filtre Siyah Küçük Ev Aletleri Yedek Parça ve Aksesuarları,375 TL,{}
https://www.beko.com.tr/kucuk-ev-aletleri-yedek-parca-ve-aksesuarlari/k1261-rhb-robot-kabi-komple-kucuk-ev-aletleri-yedek-parca-ve-aksesuarlari,Hazne Grubu Beyaz Saplı Küçük Ev Aletleri Yedek Parça ve Aksesuarları,400 TL,{}
https://www.beko.com.tr/kucuk-ev-aletleri-yedek-parca-ve-aksesuarlari/dograyicinin-ust-bicagi-kucuk-ev-aletleri-yedek-parca-ve-aksesuarlari,Bıçak Grubu Üst Küçük Ev Aletleri Yedek Parça ve Aksesuarları,375 TL,{}
https://www.beko.com.tr/kucuk-ev-aletleri-yedek-parca-ve-aksesuarlari/gweeper-ii-firca-kucuk-ev-aletleri-yedek-parca-ve-aksesuarlari,Fırça Grubu Beko Baskılı Küçük Ev Aletleri Yedek Parça ve Aksesuarları,1.800 TL,{}
https://www.beko.com.tr/kucuk-ev-aletleri-yedek-parca-ve-aksesuarlari/hortum-kucuk-ev-aletleri-yedek-parca-ve-aksesuarlari,Hortum Grubu Siyah Küçük Ev Aletleri Yedek Parça ve Aksesuarları,850 TL,{}
https://www.beko.com.tr/kucuk-ev-aletleri-yedek-parca-ve-aksesuarlari/hepa-filter---bks-5423---b-kucuk-ev-aletleri-yedek-parca-ve-aksesuarlari,Hepa Filtre Siyah B Küçük Ev Aletleri Yedek Parça ve Aksesuarları,300 TL,{}
https://www.beko.com.tr/kucuk-ev-aletleri-yedek-parca-ve-aksesuarlari/teleskobik-boru-kucuk-ev-aletleri-yedek-parca-ve-aksesuarlari,Teleskobik Boru Metal Küçük Ev Aletleri Yedek Parça ve Aksesuarları,700 TL,{}
https://www.beko.com.tr/kucuk-ev-aletleri-yedek-parca-ve-aksesuarlari/ana-fircab09-kucuk-ev-aletleri-yedek-parca-ve-aksesuarlari,Fırça Grubu Ana Zemin Küçük Ev Aletleri Yedek Parça ve Aksesuarları,600 TL,{}
https://www.beko.com.tr/kucuk-ev-aletleri-yedek-parca-ve-aksesuarlari/toz-kutusu-kapagi-grb--kucuk-ev-aletleri-yedek-parca-ve-aksesuarlari,Toz Haznesi Kapağı Küçük Ev Aletleri Yedek Parça ve Aksesuarları,375 TL,{}
https://www.beko.com.tr/kucuk-ev-aletleri-yedek-parca-ve-aksesuarlari/firca-grb--kucuk-ev-aletleri-yedek-parca-ve-aksesuarlari,Fırça Grubu Pratik Beyaz Küçük Ev Aletleri Yedek Parça ve Aksesuarları,950 TL,{}
https://www.beko.com.tr/kucuk-ev-aletleri-yedek-parca-ve-aksesuarlari/plastik-hali-fircasi-kucuk-ev-aletleri-yedek-parca-ve-aksesuarlari,Fırça Grubu Halı Küçük Ev Aletleri Yedek Parça ve Aksesuarları,900 TL,{}
https://www.beko.com.tr/kucuk-ev-aletleri-yedek-parca-ve-aksesuarlari/surahi-grb--kucuk-ev-aletleri-yedek-parca-ve-aksesuarlari,Cam Demlik Grubu Siyah Kapaklı FKM 2 Küçük Ev Aletleri Yedek Parça ve Aksesuarları,525 TL,{}
https://www.beko.com.tr/kucuk-ev-aletleri-yedek-parca-ve-aksesuarlari/az-buyuk-sup-ucu---kucuk-ev-aletleri-yedek-parca-ve-aksesuarlari,Fırça Grubu Siyah Küçük Ev Aletleri Yedek Parça ve Aksesuarları,1.500 TL,{}
https://www.beko.com.tr/kucuk-ev-aletleri-yedek-parca-ve-aksesuarlari/batarya-grubu-kucuk-ev-aletleri-yedek-parca-ve-aksesuarlari,Batarya Grubu Küçük Ev Aletleri Yedek Parça ve Aksesuarları,3.000 TL,{}
https://www.beko.com.tr/kucuk-ev-aletleri-yedek-parca-ve-aksesuarlari/dogr-govde-grubu-beyaz-kucuk-ev-aletleri-yedek-parca-ve-aksesuarlari,Doğrayıcı Gövde Grubu Beyaz Küçük Ev Aletleri Yedek Parça ve Aksesuarları,425 TL,{}
https://www.beko.com.tr/kucuk-ev-aletleri-yedek-parca-ve-aksesuarlari/emici-firca-kucuk-ev-aletleri-yedek-parca-ve-aksesuarlari,Fırça Grubu Zio Küçük Ev Aletleri Yedek Parça ve Aksesuarları,750 TL,{}
https://www.beko.com.tr/kucuk-ev-aletleri-yedek-parca-ve-aksesuarlari/hortum-grb--kucuk-ev-aletleri-yedek-parca-ve-aksesuarlari,Hortum Grubu Toz Torbalı Küçük Ev Aletleri Yedek Parça ve Aksesuarları,750 TL,{}
https://www.beko.com.tr/kucuk-ev-aletleri-yedek-parca-ve-aksesuarlari/uc-kucuk-ev-aletleri-yedek-parca-ve-aksesuarlari,Hortum Ucu Dar Küçük Ev Aletleri Yedek Parça ve Aksesuarları,210 TL,{}
https://www.beko.com.tr/kucuk-ev-aletleri-yedek-parca-ve-aksesuarlari/yv-ac-toz-haz-fume-ser-grb-kucuk-ev-aletleri-yedek-parca-ve-aksesuarlari,Toz Haznesi Füme Küçük Ev Aletleri Yedek Parça ve Aksesuarları,850 TL,{}
https://www.beko.com.tr/kucuk-ev-aletleri-yedek-parca-ve-aksesuarlari/az-hortum-uzaktan-kuman--grup-kucuk-ev-aletleri-yedek-parca-ve-aksesuarlari,Hortum Grubu UK Küçük Ev Aletleri Yedek Parça ve Aksesuarları,3.750 TL,{}
https://www.beko.com.tr/kucuk-ev-aletleri-yedek-parca-ve-aksesuarlari/br-ar-blen-stick-par-grb-ag-kucuk-ev-aletleri-yedek-parca-ve-aksesuarlari,Blender Ayağı Komple Siyah AG Küçük Ev Aletleri Yedek Parça ve Aksesuarları,650 TL,{}
https://www.beko.com.tr/kucuk-ev-aletleri-yedek-parca-ve-aksesuarlari/br-be-rende-disli-kutu-grb-b-g-kucuk-ev-aletleri-yedek-parca-ve-aksesuarlari,Blender Dişli Grubu Gri Küçük Ev Aletleri Yedek Parça ve Aksesuarları,525 TL,{}
https://www.beko.com.tr/kucuk-ev-aletleri-yedek-parca-ve-aksesuarlari/hepa-filtre-kucuk-ev-aletleri-yedek-parca-ve-aksesuarlari,Hepa Filtre Yuvarlak Küçük Ev Aletleri Yedek Parça ve Aksesuarları,450 TL,{}
https://www.beko.com.tr/kucuk-ev-aletleri-yedek-parca-ve-aksesuarlari/cop-kovasi-vrt-94929-vv-kucuk-ev-aletleri-yedek-parca-ve-aksesuarlari,Toz Haznesi Şeffaf Küçük Ev Aletleri Yedek Parça ve Aksesuarları,650 TL,{}
https://www.beko.com.tr/kucuk-ev-aletleri-yedek-parca-ve-aksesuarlari/k1261-rhb-rende-atacman-govde-grubu-kucuk-ev-aletleri-yedek-parca-ve-aksesuarlari,Blender Rende Gövdesi Mavi Küçük Ev Aletleri Yedek Parça ve Aksesuarları,525 TL,{}
https://www.beko.com.tr/kucuk-ev-aletleri-yedek-parca-ve-aksesuarlari/dograyici-kabi-komple-kucuk-ev-aletleri-yedek-parca-ve-aksesuarlari,Hazne Grubu Sapsız Küçük Ev Aletleri Yedek Parça ve Aksesuarları,400 TL,{}
https://www.beko.com.tr/kucuk-ev-aletleri-yedek-parca-ve-aksesuarlari/blender-kucuk-ev-aletleri-yedek-parca-ve-aksesuarlari,Blender Ayağı Metal Küçük Ev Aletleri Yedek Parça ve Aksesuarları,900 TL,{}
https://www.beko.com.tr/cam-temizleme-makineleri-ve-robotlari/karcher-wv-5-plus-n--eu-ev-temizlik-ekipmanlari-ve-teknolojileri,Karcher WV5 Plus Şarjlı Cam Silme Makinesi Cam Temizleme Makineleri ve Robotları,5.399 TL,"{""12 cm"": ""Derinlik"", ""19 cm"": ""Genişlik"", ""31 cm"": ""Yükseklik""}"
https://www.beko.com.tr/cilt-bakim/foreo-bear-2-go-pistachio-guzellik-ve-bakim,Foreo Bear 2 Go Pistachio Cilt Bakım,14.599 TL,"{""3 cm"": ""Derinlik"", ""9 cm"": ""Genişlik"", ""8 cm"": ""Yükseklik""}"
https://www.beko.com.tr/cilt-bakim/foreo-luna-4-go-pistachio-guzellik-ve-bakim,FOREO LUNA 4 Go Pistachio Cilt Bakım,5.199 TL,"{""3 cm"": ""Derinlik"", ""9 cm"": ""Genişlik"", ""8 cm"": ""Yükseklik""}"
https://www.beko.com.tr/cilt-bakim/foreo-bear-2-go-lavender-guzellik-ve-bakim,Foreo Bear 2 Go Lavender Cilt Bakım,14.599 TL,"{""3 cm"": ""Derinlik"", ""9 cm"": ""Genişlik"", ""8 cm"": ""Yükseklik""}"
https://www.beko.com.tr/arac-buzdolabi/otb-51223-m-arac-buzdolabi,OTB 51223 M Araç Buzdolabı,7.999 TL,"{""30 cm"": ""Derinlik"", ""46 cm"": ""Genişlik"", ""40 cm"": ""Yükseklik"", ""Ağırlık: Paketsiz"": ""4.9 kg"", ""Boyut (cm) (GxYxD)"": ""40 cm"", ""Derinlik"": ""29.8 cm""}"
https://www.beko.com.tr/kahve-demleme-ekipmanlari/rocket-tamper-leveler-metalik-kahve-makinesi,Rocket Tamper & Leveler Metalik Kahve Demleme Ekipmanları,"3.674,98 TL","{""6 cm"": ""Derinlik"", ""5 cm"": ""Genişlik"", ""4 cm"": ""Yükseklik"", ""Ağırlık: Paketsiz"": ""0.514 kg"", ""Boyut (cm) (GxYxD)"": ""4.5 cm"", ""Derinlik"": ""6 cm"", ""Voltaj"": ""220-240""}"
https://www.beko.com.tr/tost-makinesi/tm-5606-i-pisirici,TM 5606 I Tost Makinesi,3.949 TL,"{""12 cm"": ""Derinlik"", ""13 cm"": ""Genişlik"", ""30 cm"": ""Yükseklik"", ""Ağırlık: Paketsiz"": ""1.1 kg"", ""Boyut (cm) (GxYxD)"": ""12.7 cm"", ""Derinlik"": ""12.4 cm""}"
https://www.beko.com.tr/toz-torbasi/bks-1911---bks-1912-toz-torbasi-elektrikli-supurge,BKS 1911 / BKS 1912 Toz Torbası Toz Torbası,249 TL,"{""Toz Torbası Kapasitesi"": ""2.5 L"", ""Toz Torbası Tipi"": ""Sentetik"", ""Yedek Sentetik Toz Torbası"": ""5"", ""5 cm"": ""Derinlik"", ""19 cm"": ""Genişlik"", ""28 cm"": ""Yükseklik""}"
https://www.beko.com.tr/seyahat-utusu/stm-2110-b-utu,STM 2110 B Seyahat Ütüsü,3.199 TL,{}
https://www.beko.com.tr/seyahat-utusu/stm-2110-m-utu,STM 2110 M Seyahat Ütüsü,3.199 TL,{}
https://www.beko.com.tr/hamur-yogurma-ve-mutfak-makinesi/hamur-acma-ve-kesme--seti-karistirici-dograyici,Hamur Açma Ve Kesme Seti Hamur Yoğurma ve Mutfak Makinesi,7.839 TL,"{""14 cm"": ""Derinlik"", ""18 cm"": ""Genişlik"", ""12 cm"": ""Yükseklik"", ""Ağırlık: Paketsiz"": ""2.7 kg"", ""Boyut (cm) (GxYxD)"": ""18.1 cm"", ""Derinlik"": ""14 cm""}"
https://www.beko.com.tr/yogurt-kefir-makinesi/proyo-aksesuar-kutusu-yogurt-kefir-makinesi,Proyo Aksesuar Kutusu Yoğurt &Kefir Makinesi,2.799 TL,"{""16 cm"": ""Derinlik"", ""15 cm"": ""Genişlik"", ""23 cm"": ""Yükseklik"", ""Ağırlık: Paketsiz"": ""1.26 kg"", ""Boyut (cm) (GxYxD)"": ""14.6 cm"", ""Derinlik"": ""15.6 cm""}"
https://www.beko.com.tr/kettle/wkm-8513-i-kettle,WKM 8513 I Dijital Kettle,2.679 TL,"{""Güç"": ""2200 W"", ""Gövde Malzemesi"": ""Paslanmaz Çelik"", ""Kapasite"": ""1.5 L"", ""15 cm"": ""Derinlik"", ""23 cm"": ""Genişlik"", ""27 cm"": ""Yükseklik"", ""Rezistans Tipi"": ""Gizli"", ""Renk"": ""İnoks"", ""Otomatik Kapanma"": ""Var"", ""360° Taban"": ""Var"", ""Şeffaf Su Seviye Göstergesi"": ""Var"", ""Tek Dokunuşla Açılabilen Kapak"": ""Var"", ""Kireç Filtresi"": ""Var"", ""Ürün İçi LED Aydınlatma"": ""Var"", ""Susuz çalışmaya karşıma koruma"": ""Var"", ""360° Dönebilen Kablosuz Kullanım"": ""Var"", ""Kordonsuz Kullanım"": ""Var"", ""Kablo Sarma Yuvası"": ""Var"", ""Işıklı Açma/Kapama Düğmesi"": ""Var"", ""Ağırlık: Paketsiz"": ""0.9 kg"", ""Boyut (cm) (GxYxD)"": ""22.6 cm"", ""Derinlik"": ""15.4 cm""}"
https://www.beko.com.tr/kettle/wkm-5422-i-kettle,WKM 5422 I Cam Kettle,2.299 TL,"{""Güç"": ""2200 W"", ""Gövde Malzemesi"": ""Cam"", ""Kapasite"": ""1.7 L"", ""17 cm"": ""Derinlik"", ""23 cm"": ""Genişlik"", ""22 cm"": ""Yükseklik"", ""Rezistans Tipi"": ""Gizli"", ""Renk"": ""İnoks"", ""Otomatik Kapanma"": ""Var"", ""360° Taban"": ""Var"", ""Şeffaf Su Seviye Göstergesi"": ""Var"", ""Tek Dokunuşla Açılabilen Kapak"": ""Var"", ""Kireç Filtresi"": ""Var"", ""Ürün İçi LED Aydınlatma"": ""Var"", ""Susuz çalışmaya karşıma koruma"": ""Var"", ""360° Dönebilen Kablosuz Kullanım"": ""Var"", ""Kordonsuz Kullanım"": ""Var"", ""Kablo Sarma Yuvası"": ""Var"", ""Işıklı Açma/Kapama Düğmesi"": ""Var"", ""Ağırlık: Paketsiz"": ""0.9 kg"", ""Boyut (cm) (GxYxD)"": ""22.6 cm"", ""Derinlik"": ""16.5 cm""}"
https://www.beko.com.tr/kettle/kl-8221-i-kettle,KL 8221 I Kettle,1.699 TL,"{""Güç"": ""2200 W"", ""Gövde Malzemesi"": ""Paslanmaz Çelik"", ""Kapasite"": ""1.2 L"", ""17 cm"": ""Derinlik"", ""23 cm"": ""Genişlik"", ""22 cm"": ""Yükseklik"", ""Rezistans Tipi"": ""Gizli"", ""Renk"": ""İnoks"", ""Otomatik Kapanma"": ""Var"", ""360° Taban"": ""Var"", ""Şeffaf Su Seviye Göstergesi"": ""Var"", ""Tek Dokunuşla Açılabilen Kapak"": ""Var"", ""Kireç Filtresi"": ""Var"", ""Susuz çalışmaya karşıma koruma"": ""Var"", ""360° Dönebilen Kablosuz Kullanım"": ""Var"", ""Kordonsuz Kullanım"": ""Var"", ""Kablo Sarma Yuvası"": ""Var"", ""Işıklı Açma/Kapama Düğmesi"": ""Var"", ""Ağırlık: Paketsiz"": ""0.9 kg"", ""Boyut (cm) (GxYxD)"": ""22.6 cm"", ""Derinlik"": ""16.5 cm""}"
https://www.beko.com.tr/kettle/kl-5422-kettle,KL 5422 Retro Kettle,2.679 TL,"{""Güç"": ""2200 W"", ""Gövde Malzemesi"": ""Paslanmaz Çelik"", ""Kapasite"": ""1.7 L"", ""17 cm"": ""Derinlik"", ""23 cm"": ""Genişlik"", ""22 cm"": ""Yükseklik"", ""Rezistans Tipi"": ""Gizli"", ""Renk"": ""İnoks"", ""Otomatik Kapanma"": ""Var"", ""360° Taban"": ""Var"", ""Şeffaf Su Seviye Göstergesi"": ""Var"", ""Tek Dokunuşla Açılabilen Kapak"": ""Var"", ""Kireç Filtresi"": ""Var"", ""Susuz çalışmaya karşıma koruma"": ""Var"", ""360° Dönebilen Kablosuz Kullanım"": ""Var"", ""Kordonsuz Kullanım"": ""Var"", ""Kablo Sarma Yuvası"": ""Var"", ""Işıklı Açma/Kapama Düğmesi"": ""Var"", ""Ağırlık: Paketsiz"": ""0.9 kg"", ""Boyut (cm) (GxYxD)"": ""22.6 cm"", ""Derinlik"": ""16.5 cm""}"
https://www.beko.com.tr/kettle/kl-8022-i-kettle,KL 8022 I Kettle,2.179 TL,"{""Güç"": ""2200 W"", ""Gövde Malzemesi"": ""Paslanmaz Çelik"", ""Kapasite"": ""1.7 L"", ""17 cm"": ""Derinlik"", ""23 cm"": ""Genişlik"", ""22 cm"": ""Yükseklik"", ""Rezistans Tipi"": ""Gizli"", ""Renk"": ""İnoks"", ""Otomatik Kapanma"": ""Var"", ""360° Taban"": ""Var"", ""Şeffaf Su Seviye Göstergesi"": ""Var"", ""Tek Dokunuşla Açılabilen Kapak"": ""Var"", ""Kireç Filtresi"": ""Var"", ""Susuz çalışmaya karşıma koruma"": ""Var"", ""360° Dönebilen Kablosuz Kullanım"": ""Var"", ""Kordonsuz Kullanım"": ""Var"", ""Kablo Sarma Yuvası"": ""Var"", ""Işıklı Açma/Kapama Düğmesi"": ""Var"", ""Ağırlık: Paketsiz"": ""0.9 kg"", ""Boyut (cm) (GxYxD)"": ""22.6 cm"", ""Derinlik"": ""16.5 cm""}"
https://www.beko.com.tr/kettle/wkm-5522-i-kettle,WKM 5522 I Kettle,2.299 TL,"{""Güç"": ""2200 W"", ""Gövde Malzemesi"": ""Paslanmaz Çelik"", ""Kapasite"": ""1.7 L"", ""20 cm"": ""Derinlik"", ""25 cm"": ""Genişlik"", ""26 cm"": ""Yükseklik"", ""Rezistans Tipi"": ""Gizli"", ""Renk"": ""İnoks"", ""Otomatik Kapanma"": ""Var"", ""360° Taban"": ""Var"", ""Şeffaf Su Seviye Göstergesi"": ""Var"", ""Tek Dokunuşla Açılabilen Kapak"": ""Var"", ""Kireç Filtresi"": ""Var"", ""Susuz çalışmaya karşıma koruma"": ""Var"", ""360° Dönebilen Kablosuz Kullanım"": ""Var"", ""Kordonsuz Kullanım"": ""Var"", ""Kablo Sarma Yuvası"": ""Var"", ""Işıklı Açma/Kapama Düğmesi"": ""Var"", ""Ağırlık: Paketsiz"": ""1.3 kg"", ""Boyut (cm) (GxYxD)"": ""25 cm"", ""Derinlik"": ""20.4 cm""}"
https://www.beko.com.tr/kati-meyve-sikacagi/bkk-2145-kati-meyve-sikacagi,BKK 2145 Katı Meyve Sıkacağı,7.899 TL,"{""Güç"": ""1500 W"", ""Besleme Ağzı Genişlliği"": ""75 mm"", ""40 cm"": ""Derinlik"", ""21 cm"": ""Genişlik"", ""23 cm"": ""Yükseklik"", ""Sürahi Kapasitesi"": ""750 mL"", ""Ürün Rengi"": ""İnoks"", ""Bulaşık Makinesinde Yıkanabilir Aksesuarlar"": ""Var"", ""Kablo Sarma Yuvası"": ""Var"", ""Servis Şekli"": ""Kendi sürahisi ile servis"", ""Güvenlik Kilidi"": ""Var"", ""Sürahi Malzemesi"": ""Plastik"", ""Ağırlık: Paketsiz"": ""4.37 kg"", ""Boyut (cm) (GxYxD)"": ""21 cm"", ""Derinlik"": ""39.5 cm""}"
https://www.beko.com.tr/narenciye-sikacagi/ms-5210-narenciye-sikacagi,MS 5210 Narenciye Sıkacağı,1.999 TL,"{""Güç"": ""40 W"", ""Servis Şekli"": ""Kendi sürahisi ile servis"", ""22 cm"": ""Derinlik"", ""16 cm"": ""Genişlik"", ""23 cm"": ""Yükseklik"", ""Ürün Rengi"": ""Beyaz"", ""Çıkarılabilir Posa Haznesi"": ""Var"", ""Çift Yöne Dönebilme"": ""Var"", ""Bulaşık Makinesinde Yıkanabilir Aksesuarlar"": ""Var"", ""Kablo Sarma Yuvası"": ""Var"", ""Ağırlık: Paketsiz"": ""0.85 kg"", ""Boyut (cm) (GxYxD)"": ""15.5 cm"", ""Derinlik"": ""21.5 cm""}"
https://www.beko.com.tr/narenciye-sikacagi/ms-5410-b-narenciye-sikacagi,MS 5410 B Narenciye Sıkacağı,2.799 TL,"{""Güç"": ""45 W"", ""Servis Şekli"": ""Direk Bardağa Servis"", ""22 cm"": ""Derinlik"", ""16 cm"": ""Genişlik"", ""23 cm"": ""Yükseklik"", ""Ürün Rengi"": ""Siyah"", ""Çıkarılabilir Posa Haznesi"": ""Var"", ""Çift Yöne Dönebilme"": ""Var"", ""Bulaşık Makinesinde Yıkanabilir Aksesuarlar"": ""Var"", ""Kablo Sarma Yuvası"": ""Var"", ""Ağırlık: Paketsiz"": ""0.85 kg"", ""Boyut (cm) (GxYxD)"": ""15.5 cm"", ""Derinlik"": ""21.5 cm""}"
https://www.beko.com.tr/cay-makinesi/bkk-2221-c-beko-dem-cay-makinesi-cay-makinesi,BKK 2221 C Beko Dem® Çay Makinesi Çay Makinesi,3.199 TL,"{""Demlik Kapasitesi"": ""0.8 L"", ""Demlik Malzemesi"": ""Cam"", ""Su Isıtıcı Kapasitesi"": ""1.8 L"", ""Su Isıtıcı Malzemesi"": ""Plastik"", ""13 cm"": ""Derinlik"", ""18 cm"": ""Genişlik"", ""37 cm"": ""Yükseklik"", ""Güç"": ""1650 W"", ""Ürün Rengi"": ""Siyah"", ""İkili Isıtma Sistemi"": ""Var"", ""Su Seviye Göstergesi"": ""Var"", ""Otomatik Kapanma"": ""Var"", ""Sıcak Tutma Özelliği"": ""Var"", ""Ağırlık: Paketsiz"": ""1.393 kg"", ""Boyut (cm) (GxYxD)"": ""17.5 cm"", ""Derinlik"": ""13 cm"", ""360° Dönebilen Kablosuz Kullanım"": ""Var"", ""Işıklı Açma/Kapama Düğmesi"": ""Var""}"
https://www.beko.com.tr/cay-makinesi/cm-5964-r-floral-cay-makinesi,CM 5964 R Floral Çay Makinesi,6.399 TL,"{""Demlik Kapasitesi"": ""0.8 L"", ""Demlik Malzemesi"": ""Kırılmaya Karşı 4 Kata Kadar Dayanıklılığı Arttırılmış Cam"", ""Su Isıtıcı Kapasitesi"": ""2 L"", ""Su Isıtıcı Malzemesi"": ""Cam"", ""17 cm"": ""Derinlik"", ""24 cm"": ""Genişlik"", ""37 cm"": ""Yükseklik"", ""Kırılmaya Karşı Dayanıklı Cam Demlik"": ""Var"", ""Güç"": ""1900 W"", ""Ürün Rengi"": ""Rose gold"", ""İkili Isıtma Sistemi"": ""Var"", ""Su Seviye Göstergesi"": ""Var"", ""Otomatik Kapanma"": ""Var"", ""Sıcak Tutma Özelliği"": ""Var"", ""Çay Filtresi"": ""Paslanmaz Çelik"", ""Ağırlık: Paketsiz"": ""1.67 kg"", ""Boyut (cm) (GxYxD)"": ""24 cm"", ""Derinlik"": ""17 cm"", ""360° Dönebilen Kablosuz Kullanım"": ""Var"", ""Işıklı Açma/Kapama Düğmesi"": ""Var""}"
https://www.beko.com.tr/cay-makinesi/cm-5964-floral-cay-makinesi,CM 5964 Floral Çay Makinesi,6.399 TL,"{""Demlik Kapasitesi"": ""0.8 L"", ""Demlik Malzemesi"": ""Kırılmaya Karşı 4 Kata Kadar Dayanıklılığı Arttırılmış Cam"", ""Su Isıtıcı Kapasitesi"": ""2 L"", ""Su Isıtıcı Malzemesi"": ""Cam"", ""17 cm"": ""Derinlik"", ""24 cm"": ""Genişlik"", ""37 cm"": ""Yükseklik"", ""Kırılmaya Karşı Dayanıklı Cam Demlik"": ""Var"", ""Güç"": ""1900 W"", ""Ürün Rengi"": ""Papatya Beyazı"", ""İkili Isıtma Sistemi"": ""Var"", ""Su Seviye Göstergesi"": ""Var"", ""Otomatik Kapanma"": ""Var"", ""Sıcak Tutma Özelliği"": ""Var"", ""Çay Filtresi"": ""Paslanmaz Çelik"", ""Ağırlık: Paketsiz"": ""1.67 kg"", ""Boyut (cm) (GxYxD)"": ""24 cm"", ""Derinlik"": ""17 cm"", ""360° Dönebilen Kablosuz Kullanım"": ""Var"", ""Işıklı Açma/Kapama Düğmesi"": ""Var""}"
https://www.beko.com.tr/3-bolmeli-derin-dondurucu/7030-mb-derin-dondurucu,7030 MB 3 Bölmeli Derin Dondurucu,10.990 TL,"{""Soğutma Sistemi"": ""Statik"", ""50 cm"": ""Derinlik"", ""48 cm"": ""Genişlik"", ""82 cm"": ""Yükseklik"", ""Sıcaklık Yükselme Süresi (Saat)"": ""9"", ""Ürün Rengi"": ""Beyaz"", ""Dondurucu Yeri"": ""Dikey Dondurucu"", ""Ürün Tipi"": ""Tezgah Seviyesi"", ""Elektronik Gösterge"": ""Rotational Controller on Back wall"", ""Kontrol Sistemi"": ""Mekanik"", ""Kapı Yönü Değiştirme"": ""Var"", ""İklim Sınıfı"": ""SN-T"", ""Ses Seviyesi"": ""37 dBA"", ""Toplam Hacim (L)"": ""65 L"", ""Ses Seviyesi Sınıfı"": ""C"", ""Dondurucu Çekmece Sayısı"": ""3"", ""Hızlı Dondurma Bölmesi"": ""Var"", ""Günlük Dondurma Kapasitesi (kg/Gün)"": ""3 kg"", ""Dondurucu Bölme Hacmi (L)"": ""65 L"", ""Enerji Sınıfı"": ""E"", ""Yıllık Enerji Tüketimi (kWh)"": ""158"", ""Günlük Enerji Tüketimi (kwh/Gün)"": ""0.389"", ""Günlük enerji tüketimi 16°C (kWh/24h) (EU_2021_EP)"": ""0.258"", ""Ağırlık: Paketsiz"": ""26 kg"", ""Boyut (cm) (GxYxD)"": ""47.5 cm"", ""Derinlik"": ""50 cm""}"
