urun_linki,urun_adi,fiyat
https://www.beko.com.tr/no-frost-buzdolabi/683616-ei-buzdolabi,683616 EI Yapay Zeka Teknolojili No Frost Buzdolabı,95.039 TL
https://www.beko.com.tr/no-frost-buzdolabi/678551-egc-ai-fit-buzdolabi,678551 EGC AI Fit No Frost Buzdolabı,71.999 TL
https://www.beko.com.tr/no-frost-buzdolabi/678551-ebc-ai-fit-buzdolabi,678551 EBC AI Fit Beyaz Cam Yapay Zeka Teknolojili No Frost Buzdolabı,71.999 TL
https://www.beko.com.tr/no-frost-buzdolabi/678551-esc-buzdolabi,678551 ESC Siyah Cam No Frost Buzdolabı,91.889 TL
https://www.beko.com.tr/no-frost-buzdolabi/670475-iebc-buzdolabi,670475 IEBC AI Beyaz Cam No Frost Buzdolabı,55.469 TL
https://www.beko.com.tr/no-frost-buzdolabi/670475-iesc-buzdolabi,670475 IESC AI Siyah Cam Yapay Zeka Teknolojili No Frost Buzdolabı,55.469 TL
https://www.beko.com.tr/no-frost-buzdolabi/970406-mb-buzdolabi,970406 MB No Frost Buzdolabı,35.499 TL
https://www.beko.com.tr/no-frost-buzdolabi/678551-edi-buzdolabi,678551 EDI Tencere Soğutma Teknolojili No Frost Buzdolabı,83.899 TL
https://www.beko.com.tr/no-frost-buzdolabi/970477-eb-buzdolabi,970477 EB No Frost Buzdolabı,41.509 TL
https://www.beko.com.tr/no-frost-buzdolabi/678550-ei-fit-buzdolabi,678550 EI Fit No Frost Buzdolabı,67.729 TL
https://www.beko.com.tr/no-frost-buzdolabi/678550-eb-fit-buzdolabi,678550 EB ElegantFit No Frost Buzdolabı,65.719 TL
https://www.beko.com.tr/no-frost-buzdolabi/670475-mi-buzdolabi,670475 MI No Frost Buzdolabı,48.569 TL
https://www.beko.com.tr/statik-buzdolabi/870503-mb-buzdolabi,870503 MB Statik Buzdolabı,47.939 TL
https://www.beko.com.tr/no-frost-buzdolabi/674533-mb-buzdolabi,674533 MB No Frost Buzdolabı,59.329 TL
https://www.beko.com.tr/gardirop-tipi-buzdolabi/183510-ei-buzdolabi,183510 EI Gardırop Tipi Buzdolabı,78.789 TL
https://www.beko.com.tr/no-frost-buzdolabi/670477-ei-ai-buzdolabi,670477 EI AI No Frost Buzdolabı,53.149 TL
https://www.beko.com.tr/no-frost-buzdolabi/674581-ei-buzdolabi,674581 EI No Frost Buzdolabı,76.709 TL
https://www.beko.com.tr/gardirop-tipi-buzdolabi/191641-ei-buzdolabi,191641 EI Gardırop Tipi Buzdolabı,112.299 TL
https://www.beko.com.tr/no-frost-buzdolabi/674532-eb-buzdolabi,674532 EB No Frost Buzdolabı,71.349 TL
https://www.beko.com.tr/mini-buzdolabi/754140-mb-buzdolabi,754140 MB Mini Buzdolabı,22.629 TL
https://www.beko.com.tr/mini-buzdolabi/74785-mb-buzdolabi,74785 MB Mini Buzdolabı,16.469 TL
https://www.beko.com.tr/ankastre-buzdolabi/b-7626-ts-ankastre-buzdolabi,B 7626 TS Ankastre Buzdolabı,33.979 TL
https://www.beko.com.tr/no-frost-buzdolabi/670475-mb-buzdolabi,670475 MB No Frost Buzdolabı,46.759 TL
https://www.beko.com.tr/no-frost-buzdolabi/670475-ea-buzdolabi,670475 EA No Frost Buzdolabı,59.439 TL
https://www.beko.com.tr/statik-buzdolabi/854257-mb-buzdolabi,854257 MB Statik Buzdolabı,25.899 TL
https://www.beko.com.tr/no-frost-buzdolabi/974509-mb-buzdolabi,974509 MB No Frost Buzdolabı,58.689 TL
https://www.beko.com.tr/no-frost-buzdolabi/970477-mb-buzdolabi,970477 MB No Frost Buzdolabı,38.299 TL
https://www.beko.com.tr/no-frost-buzdolabi/978557-eb-fit-buzdolabi,978557 EB ElegantFit No Frost Buzdolabı,62.279 TL
https://www.beko.com.tr/no-frost-buzdolabi/978557-ei-fit-buzdolabi,978557 EI ElegantFit No Frost Buzdolabı,66.949 TL
https://www.beko.com.tr/gardirop-tipi-buzdolabi/191572-ebs-buzdolabi,191572 EBS Gardırop Tipi Buzdolabı,95.549 TL
https://www.beko.com.tr/no-frost-buzdolabi/974509-mi-buzdolabi,974509 MI No Frost Buzdolabı,56.789 TL
https://www.beko.com.tr/no-frost-buzdolabi/983625-ieb-fit-buzdolabi,983625 IEB Fit No Frost Buzdolabı,58.629 TL
https://www.beko.com.tr/ustten-donduruculu-buzdolabi/983632-eb-fit-buzdolabi,983632 EB Fit Üstten Donduruculu Buzdolabı,63.189 TL
https://www.beko.com.tr/gardirop-tipi-buzdolabi/191572-ei-buzdolabi,191572 EI Gardırop Tipi Buzdolabı,115.109 TL
https://www.beko.com.tr/cekmeceli-derin-dondurucu/7682-nfb-derin-dondurucu,7682 NFB Çekmeceli Derin Dondurucu,43.689 TL
https://www.beko.com.tr/no-frost-buzdolabi/683613-eb-buzdolabi,683613 EB No Frost Buzdolabı,72.459 TL
https://www.beko.com.tr/no-frost-buzdolabi/683613-ei-buzdolabi,683613 EI No Frost Buzdolabı,78.619 TL
https://www.beko.com.tr/gardirop-tipi-buzdolabi/191572-es-buzdolabi,191572 ES Gardırop Tipi Buzdolabı,89.429 TL
https://www.beko.com.tr/no-frost-buzdolabi/683616-iebi-buzdolabi,683616 IEBI No Frost Buzdolabı,91.119 TL
https://www.beko.com.tr/no-frost-buzdolabi/970475-eb-buzdolabi,970475 EB No Frost Buzdolabı,63.659 TL
https://www.beko.com.tr/no-frost-buzdolabi/670477-eb-ai-buzdolabi,670477 EB AI Yapay Zeka Teknolojili No Frost Buzdolabı,49.959 TL
https://www.beko.com.tr/no-frost-buzdolabi/970477-mi-buzdolabi,970477 MI No Frost Buzdolabı,37.029 TL
https://www.beko.com.tr/ustten-donduruculu-buzdolabi/983632-ei-fit-buzdolabi,983632 EI Fit Üstten Donduruculu Buzdolabı,69.269 TL
https://www.beko.com.tr/ustten-donduruculu-buzdolabi/970471-mb-buzdolabi,970471 MB Üstten Donduruculu Buzdolabı,30.999 TL
https://www.beko.com.tr/cekmeceli-derin-dondurucu/7682-nfi-derin-dondurucu,7682 NFI Çekmeceli Derin Dondurucu,46.299 TL
https://www.beko.com.tr/cekmeceli-derin-dondurucu/7071-mnfb-derin-dondurucu,7071 MNFB Çekmeceli Derin Dondurucu,38.339 TL
https://www.beko.com.tr/ankastre-buzdolabi/b-54275-ynk-e-ankastre-buzdolabi,B 54275 YNK E Ankastre Buzdolabı,77.059 TL
https://www.beko.com.tr/no-frost-buzdolabi/970357-mb-buzdolabi,970357 MB No Frost Buzdolabı,29.599 TL
https://www.beko.com.tr/no-frost-buzdolabi/970475-ei-buzdolabi,970475 EI No Frost Buzdolabı,66.529 TL
https://www.beko.com.tr/no-frost-buzdolabi/670475-eb-buzdolabi,670475 EB No Frost Buzdolabı,51.119 TL
https://www.beko.com.tr/no-frost-buzdolabi/660316-mb-buzdolabi,660316 MB No Frost Buzdolabı,47.009 TL
https://www.beko.com.tr/no-frost-buzdolabi/660316-mi-buzdolabi,660316 MI No Frost Buzdolabı,50.399 TL
https://www.beko.com.tr/no-frost-buzdolabi/670475-ei-buzdolabi,670475 EI No Frost Buzdolabı,54.859 TL
https://www.beko.com.tr/no-frost-buzdolabi/678552-ei-ai-fit-buzdolabi,678552 EI AI Fit Yapay Zeka Teknolojili No Frost Buzdolabı,85.019 TL
https://www.beko.com.tr/gardirop-tipi-buzdolabi/191572-esc-buzdolabi,191572 ESC Gardırop Tipi Buzdolabı,107.779 TL
https://www.beko.com.tr/no-frost-buzdolabi/678552-ei-buzdolabi,678552 EI No Frost Buzdolabı,66.869 TL
https://www.beko.com.tr/ankastre-buzdolabi/b-69400-nfk-e-ankastre-buzdolabi,B 69400 NFK E Ankastre Buzdolabı,125.209 TL
https://www.beko.com.tr/no-frost-buzdolabi/983628-eb-buzdolabi,983628 EB No Frost Buzdolabı,65.159 TL
https://www.beko.com.tr/no-frost-buzdolabi/983628-ei-buzdolabi,983628 EI No Frost Buzdolabı,73.299 TL
https://www.beko.com.tr/no-frost-buzdolabi/970476-mg-buzdolabi,970476 MG No Frost Buzdolabı,42.529 TL
https://www.beko.com.tr/no-frost-buzdolabi/670475-mg-buzdolabi,670475 MG No Frost Buzdolabı,44.709 TL
https://www.beko.com.tr/7-bolmeli-derin-dondurucu/7071-nfb-derin-dondurucu,7071 NFB 7 Bölmeli Derin Dondurucu,45.479 TL
https://www.beko.com.tr/7-bolmeli-derin-dondurucu/7072-mi-derin-dondurucu,7072 MI 7 Bölmeli Derin Dondurucu,38.639 TL
https://www.beko.com.tr/7-bolmeli-derin-dondurucu/7072-mb-derin-dondurucu,7072 MB 7 Bölmeli Derin Dondurucu,35.119 TL
https://www.beko.com.tr/6-bolmeli-derin-dondurucu/7362-nfb-derin-dondurucu,7362 NFB 6 Bölmeli Derin Dondurucu,39.669 TL
https://www.beko.com.tr/3-bolmeli-derin-dondurucu/7030-mb-derin-dondurucu,7030 MB 3 Bölmeli Derin Dondurucu,10.990 TL
https://www.beko.com.tr/3-bolmeli-derin-dondurucu/7032-mb-derin-dondurucu,7032 MB 3 Bölmeli Derin Dondurucu,16.219 TL
https://www.beko.com.tr/8-bolmeli-derin-dondurucu-/7783-deb-derin-dondurucu,7783 DEB Yapay Zeka Teknolojili 8 Bölmeli Derin Dondurucu,62.019 TL
https://www.beko.com.tr/cekmeceli-derin-dondurucu/7032-nfb-derin-dondurucu,7032 NFB Çekmeceli Derin Dondurucu,23.739 TL
https://www.beko.com.tr/5-bolmeli-derin-dondurucu/7053-nfb-derin-dondurucu,7053 NFB 5 Bölmeli Derin Dondurucu,37.269 TL
https://www.beko.com.tr/5-bolmeli-derin-dondurucu/7053-mb-derin-dondurucu,7053 MB 5 Bölmeli Derin Dondurucu,21.129 TL
https://www.beko.com.tr/8-bolmeli-derin-dondurucu-/7083-multimode-ei-derin-dondurucu,7083 MultiMode EI 8 Bölmeli Derin Dondurucu,63.269 TL
https://www.beko.com.tr/6-bolmeli-derin-dondurucu/7063-mb-derin-dondurucu,7063 MB 6 Bölmeli Derin Dondurucu,28.279 TL
https://www.beko.com.tr/sandik-tipi-derin-dondurucu/3104-e-derin-dondurucu,3104 E Sandık Tipi Derin Dondurucu,20.229 TL
https://www.beko.com.tr/sandik-tipi-derin-dondurucu/3451-e-derin-dondurucu,3451 E Sandık Tipi Derin Dondurucu,45.379 TL
https://www.beko.com.tr/7-bolmeli-derin-dondurucu/7375-jei-derin-dondurucu,7375 JEI 7 Bölmeli Derin Dondurucu,51.979 TL
https://www.beko.com.tr/4-bolmeli-derin-dondurucu/7043-mb-derin-dondurucu,7043 MB 4 Bölmeli Derin Dondurucu,22.989 TL
https://www.beko.com.tr/7-bolmeli-derin-dondurucu/7375-jeb-derin-dondurucu,7375 JEB 7 Bölmeli Derin Dondurucu,51.179 TL
https://www.beko.com.tr/sandik-tipi-derin-dondurucu/3298-jem-derin-dondurucu,3298 JEM Sandık Tipi Derin Dondurucu,36.519 TL
https://www.beko.com.tr/sandik-tipi-derin-dondurucu/3205-jem-derin-dondurucu,3205 JEM Sandık Tipi Derin Dondurucu,33.589 TL
https://www.beko.com.tr/sandik-tipi-derin-dondurucu/3360-jem-derin-dondurucu,3360 JEM Sandık Tipi Derin Dondurucu,42.209 TL
https://www.beko.com.tr/sandik-tipi-derin-dondurucu/3298-jemg-derin-dondurucu,3298 JEMG Sandık Tipi Derin Dondurucu,38.339 TL
https://www.beko.com.tr/8-bolmeli-derin-dondurucu-/7681-eb-derin-dondurucu,7681 EB 8 Bölmeli Derin Dondurucu,54.019 TL
https://www.beko.com.tr/10-kg-camasir-makinesi/cmx-10120-camasir-makinesi,CMX 10120 10 Kg Çamaşır Makinesi,38.549 TL
