urun_linki,urun_adi,Depth,Width,Height,Weight_kg,Capacity,Color,Product_Type,Power_W,Is_Stainless_Steel,Hidden_Heating,Auto_Off,Wireless_360,Cable_Storage,Illuminated_Button
https://www.beko.com.tr/kurutma-makinesi/cmb-1280-ykig-kurutma-makinesi,CMB 1280 YKIG Kurutma Makinesi,65.0,60.0,85.0,78.0,,,0,,0,0,0,0,0,0
https://www.beko.com.tr/kurutmali-camasir-makinesi/cmx-1070-yk-i-kurutmali-camasir-makinesi,CMX 1070 YK I Kurutmalı Çamaşır Makinesi,60.0,60.0,85.0,71.0,10.0,Beyaz,2,,0,0,0,0,0,0
https://www.beko.com.tr/set-ustu-ocak/bsoe-301-b-set-ustu-ocak,BSOE 301 B Set Üstü Ocak,26.0,48.0,8.0,7.86,,Beyaz,2,,0,0,0,0,0,0
https://www.beko.com.tr/mikrodalga-firin/bmd-310-ds-mikrodalga-firin,BMD 310 DS Mikrodalga Fırın,38.2,51.0,30.0,14.5,,Gümüş,2,,0,0,0,0,0,0
https://www.beko.com.tr/su-sebili/5550-bu-su-sebili,5550 BU Su Sebili,32.0,31.0,93.0,11.2,,Beyaz,0,,0,0,0,0,0,0
https://www.beko.com.tr/beyaz-esya-yedek-parca-ve-aksesuarlari/55mm-kapi-rafi-70cm-baskisiz-sef-gri-286-beyaz-esya-yedek-parca-ve-aksesuarlari,Kapı Rafı Gri 70 cm Beyaz Eşya Yedek Parça ve Aksesuarları,,,,,,,0,,0,0,0,0,0,0
https://www.beko.com.tr/beyaz-esya-yedek-parca-ve-aksesuarlari/arcelik-yeni-yumurtalik-sef286-demode-beyaz-esya-yedek-parca-ve-aksesuarlari,Yumuttalık Şeffaf Beyaz Eşya Yedek Parça ve Aksesuarları,,,,,,,0,,0,0,0,0,0,0
https://www.beko.com.tr/beyaz-esya-yedek-parca-ve-aksesuarlari/mikrofiltre-gr-alt-0-ral-7037-beyaz-esya-yedek-parca-ve-aksesuarlari,Mikrofiltre Grubu Beyaz Eşya Yedek Parça ve Aksesuarları,,,,,,,0,,0,0,0,0,0,0
https://www.beko.com.tr/beyaz-esya-yedek-parca-ve-aksesuarlari/mikrofiltre-gr-3ringsizral-7037-beyaz-esya-yedek-parca-ve-aksesuarlari,Mikrofiltre Grubu Ringsiz Beyaz Eşya Yedek Parça ve Aksesuarları,,,,,,,0,,0,0,0,0,0,0
https://www.beko.com.tr/beyaz-esya-yedek-parca-ve-aksesuarlari/cekmece-kapak-gr-194mm-sef-gri286-sekil-beyaz-esya-yedek-parca-ve-aksesuarlari,Çekmece Kapak Grubu Şeffaf Beyaz Eşya Yedek Parça ve Aksesuarları,,,,,,,0,,0,0,0,0,0,0
https://www.beko.com.tr/beyaz-esya-yedek-parca-ve-aksesuarlari/kapi-rafi-gr-55mm-gri-286-tampon-beyaz-esya-yedek-parca-ve-aksesuarlari,Kapı Rafı Gri 55 cm Beyaz Eşya Yedek Parça ve Aksesuarları,,,,,,,0,,0,0,0,0,0,0
https://www.beko.com.tr/beyaz-esya-yedek-parca-ve-aksesuarlari/kapi-rafi-gr-gri-286-tampon-beyaz-esya-yedek-parca-ve-aksesuarlari,Kapı Rafı Gri Beyaz Eşya Yedek Parça ve Aksesuarları,,,,,,,0,,0,0,0,0,0,0
https://www.beko.com.tr/beyaz-esya-yedek-parca-ve-aksesuarlari/atlantis-alt-pervane-gr-2-ral-7037-beyaz-esya-yedek-parca-ve-aksesuarlari,Alt Pervane Grubu Beyaz Eşya Yedek Parça ve Aksesuarları,,,,,,,0,,0,0,0,0,0,0
https://www.beko.com.tr/beyaz-esya-yedek-parca-ve-aksesuarlari/ust-pervane-gr-komple-60-cm-ral-7016-beyaz-esya-yedek-parca-ve-aksesuarlari,Üst Pervane Grubu Beyaz Eşya Yedek Parça ve Aksesuarları,,,,,,,0,,0,0,0,0,0,0
https://www.beko.com.tr/beyaz-esya-yedek-parca-ve-aksesuarlari/cekmece-gr-frz-kucuk-tsiz-t215-s-hs-beyaz-esya-yedek-parca-ve-aksesuarlari,Çekmece Grubu Beyaz Eşya Yedek Parça ve Aksesuarları,,,,,,,0,,0,0,0,0,0,0
https://www.beko.com.tr/gazli-cam-tablali-ocak/bomd-d-6110-eid-ankastre-ocak,BOMD D 6110 EID Gazlı Cam Tablalı Ocak,51.0,61.0,4.0,7.7,,İnoks,3,,0,0,0,0,0,0
https://www.beko.com.tr/duvar-tipi-davlumbaz/adp61420-id-ankastre-davlumbazlar,ADP61420 ID Duvar Tipi Davlumbaz,47.0,60.0,25.0,8.23,,İnoks,0,,0,0,0,0,0,0
https://www.beko.com.tr/ankastre-surgulu-aspirator/p-41-ts-ankastre-aspiratorler,P 41 TS Ankastre Sürgülü Aspiratör,30.1,60.0,18.0,5.2,,Siyah,0,,0,0,0,0,0,0
https://www.beko.com.tr/tam-ankastre-bulasik-makinesi/bb-240-ankastre-bulasik-makineleri,BB 240 Tam Ankastre Bulaşık Makinesi,55.0,60.0,82.0,34.1,13.0,,3,,0,0,0,0,0,0
https://www.beko.com.tr/ankastre-mikrodalgalar/bmmk-2020-i-ankastre-mikrodalgalar,BMMK 2020 I Ankastre Mikrodalga Çerçevesi Ankastre Mikrodalgalar,4.2,59.0,39.0,2.0,,,0,,0,0,0,0,0,0
https://www.beko.com.tr/pisirici-yedek-parca-ve-aksesuarlari/cam-surahi-pisirici-yedek-parca-ve-aksesuarlari,Cam Demlik Grubu Beyaz Kapaklı Pişirici Yedek Parça ve Aksesuarları,,,,,,,0,,0,0,0,0,0,0
https://www.beko.com.tr/portatif-klima/21220-p-klima,21220 P Portatif Klima 12.000 Btu/h Portatif Klima,40.0,47.0,77.0,,,,0,,0,0,0,0,0,0
https://www.beko.com.tr/seramik-isitici/bk-chf-bm-elektrikli-isitici,BK CHF BM Seramik Isıtıcı,18.4,19.0,58.0,2.3,,Siyah,0,,0,0,0,0,0,0
https://www.beko.com.tr/standart-termosifon/bkt-500-b-termosifon,BKT 500 B  50 lt. Standart Termosifon,44.0,44.0,56.0,22.0,50.0,,0,,0,0,0,0,0,0
https://www.beko.com.tr/premix-yogusmali-kombi/prodens-24-plus-premix-kombi,PRODENS 24 PLUS PREMIX Premix Yoğuşmalı Kombi,27.5,40.0,70.0,31.0,,,0,,0,0,0,0,0,0
https://www.beko.com.tr/nem-alma-cihazi/41650-nac-nem-alma-cihazi,41650 NAC Nem Alma Cihazı,20.0,28.0,40.0,9.8,,,0,,0,0,0,0,0,0
https://www.beko.com.tr/isitma-sogutma-yedek-parca-ve-aksesuarlari/uzaktan-kumanda-gr-lg-beko-yedek-parca-isitma-sogutma-yedek-parca-ve-aksesuarlari,Uzaktan Kumanda Beko Baskılı Isıtma Soğutma Yedek Parça ve Aksesuarları,,,,,,,0,,0,0,0,0,0,0
https://www.beko.com.tr/kahve-demleme-ekipmanlari/rocket-tamper-leveler-siyah-kahve-makinesi,Rocket Tamper & Leveler Siyah Kahve Demleme Ekipmanları,6.0,5.0,4.0,0.514,,,0,,0,0,0,0,0,0
https://www.beko.com.tr/kucuk-ev-aletleri-yedek-parca-ve-aksesuarlari/cezve-grubu-mat-fircali-kucuk-ev-aletleri-yedek-parca-ve-aksesuarlari,Cezve Grubu İndüksiyonlu Küçük Ev Aletleri Yedek Parça ve Aksesuarları,,,,,,,0,,0,0,0,0,0,0
https://www.beko.com.tr/kucuk-ev-aletleri-yedek-parca-ve-aksesuarlari/karaf-grubu-arcelik-kucuk-ev-aletleri-yedek-parca-ve-aksesuarlari,Cam Demlik Grubu Kapaklı Küçük Ev Aletleri Yedek Parça ve Aksesuarları,,,,,,,0,,0,0,0,0,0,0
https://www.beko.com.tr/kucuk-ev-aletleri-yedek-parca-ve-aksesuarlari/pisirme-haznesi-grubu-akromid-gri-kucuk-ev-aletleri-yedek-parca-ve-aksesuarlari,Cezve Grubu Akromid Gri Küçük Ev Aletleri Yedek Parça ve Aksesuarları,,,,,,,0,,0,0,0,0,0,0
https://www.beko.com.tr/kucuk-ev-aletleri-yedek-parca-ve-aksesuarlari/su-deposu-kapagi-kucuk-ev-aletleri-yedek-parca-ve-aksesuarlari,SU DEPOSU KAPAGI Küçük Ev Aletleri Yedek Parça ve Aksesuarları,,,,,,,0,,0,0,0,0,0,0
https://www.beko.com.tr/kucuk-ev-aletleri-yedek-parca-ve-aksesuarlari/cezve-grubu-bakir-boyali-kucuk-ev-aletleri-yedek-parca-ve-aksesuarlari,Cezve Grubu Bakır Küçük Ev Aletleri Yedek Parça ve Aksesuarları,,,,,,,0,,0,0,0,0,0,0
https://www.beko.com.tr/kucuk-ev-aletleri-yedek-parca-ve-aksesuarlari/pisirme-haznesi-gr-turk-srg-servis-kucuk-ev-aletleri-yedek-parca-ve-aksesuarlari,Cezve Grubu Serigrafili Küçük Ev Aletleri Yedek Parça ve Aksesuarları,,,,,,,0,,0,0,0,0,0,0
https://www.beko.com.tr/kucuk-ev-aletleri-yedek-parca-ve-aksesuarlari/uzatma-borusu-gr-gr01-plastik-askisiz-kucuk-ev-aletleri-yedek-parca-ve-aksesuarlari,Teleskobik Boru Plastik Askısız Küçük Ev Aletleri Yedek Parça ve Aksesuarları,,,,,,,0,,0,0,0,0,0,0
https://www.beko.com.tr/kucuk-ev-aletleri-yedek-parca-ve-aksesuarlari/hortum-gr-komp-gr01-l-1700-s-630-s-635-kucuk-ev-aletleri-yedek-parca-ve-aksesuarlari,Hortum Grubu Gri Küçük Ev Aletleri Yedek Parça ve Aksesuarları,,,,,,,0,,0,0,0,0,0,0
https://www.beko.com.tr/kucuk-ev-aletleri-yedek-parca-ve-aksesuarlari/pisirme-haznesi-grubu-lal-441-taban-kucuk-ev-aletleri-yedek-parca-ve-aksesuarlari,Cezve Grubu Lal Küçük Ev Aletleri Yedek Parça ve Aksesuarları,,,,,,,0,,0,0,0,0,0,0
https://www.beko.com.tr/kucuk-ev-aletleri-yedek-parca-ve-aksesuarlari/uzatma-boru-grcin-teleskobik-32-l-558-kucuk-ev-aletleri-yedek-parca-ve-aksesuarlari,Teleskobik Boru Su filtreli Küçük Ev Aletleri Yedek Parça ve Aksesuarları,,,,,,,0,,0,0,0,0,0,0
https://www.beko.com.tr/kucuk-ev-aletleri-yedek-parca-ve-aksesuarlari/sarj-grubu-kucuk-ev-aletleri-yedek-parca-ve-aksesuarlari,Şarj Grubu Küçük Ev Aletleri Yedek Parça ve Aksesuarları,,,,,,,0,,0,0,0,0,0,0
https://www.beko.com.tr/kucuk-ev-aletleri-yedek-parca-ve-aksesuarlari/pil-grubu-kucuk-ev-aletleri-yedek-parca-ve-aksesuarlari,Pil Grubu Şarjlı Dik Süpürge Küçük Ev Aletleri Yedek Parça ve Aksesuarları,,,,,,,0,,0,0,0,0,0,0
https://www.beko.com.tr/kucuk-ev-aletleri-yedek-parca-ve-aksesuarlari/ana-firca-kucuk-ev-aletleri-yedek-parca-ve-aksesuarlari,Fırça Grubu Küçük Ev Aletleri Yedek Parça ve Aksesuarları,,,,,,,0,,0,0,0,0,0,0
https://www.beko.com.tr/kucuk-ev-aletleri-yedek-parca-ve-aksesuarlari/on-motor-filtresi-kucuk-ev-aletleri-yedek-parca-ve-aksesuarlari,Filtre Ön Motor Küçük Ev Aletleri Yedek Parça ve Aksesuarları,,,,,,,0,,0,0,0,0,0,0
https://www.beko.com.tr/kucuk-ev-aletleri-yedek-parca-ve-aksesuarlari/on-motor-hepa-filtre-kucuk-ev-aletleri-yedek-parca-ve-aksesuarlari,Hepa Filtre Ön Motor Küçük Ev Aletleri Yedek Parça ve Aksesuarları,,,,,,,0,,0,0,0,0,0,0
https://www.beko.com.tr/kucuk-ev-aletleri-yedek-parca-ve-aksesuarlari/sweeper-ii-firca-kucuk-ev-aletleri-yedek-parca-ve-aksesuarlari,Fırça Grubu Sweeper Küçük Ev Aletleri Yedek Parça ve Aksesuarları,,,,,,,0,,0,0,0,0,0,0
https://www.beko.com.tr/kucuk-ev-aletleri-yedek-parca-ve-aksesuarlari/adaptor-vde-kucuk-ev-aletleri-yedek-parca-ve-aksesuarlari,Adaptör SD-2061 Küçük Ev Aletleri Yedek Parça ve Aksesuarları,,,,,,,0,,0,0,0,0,0,0
https://www.beko.com.tr/kucuk-ev-aletleri-yedek-parca-ve-aksesuarlari/dograyici-ust-bicak-kucuk-ev-aletleri-yedek-parca-ve-aksesuarlari,Bıçak Tutucu Küçük Ev Aletleri Yedek Parça ve Aksesuarları,,,,,,,0,,0,0,0,0,0,0
https://www.beko.com.tr/kucuk-ev-aletleri-yedek-parca-ve-aksesuarlari/boru-grubu-kucuk-ev-aletleri-yedek-parca-ve-aksesuarlari,Şarjlı Dik Süpürge Boru Grubu Küçük Ev Aletleri Yedek Parça ve Aksesuarları,,,,,,,0,,0,0,0,0,0,0
https://www.beko.com.tr/kucuk-ev-aletleri-yedek-parca-ve-aksesuarlari/br-ar-ren-disktut-bicak-grb-s-kucuk-ev-aletleri-yedek-parca-ve-aksesuarlari,Çırpıcı Bıçak Grubu Siyah Küçük Ev Aletleri Yedek Parça ve Aksesuarları,,,,,,,0,,0,0,0,0,0,0
https://www.beko.com.tr/kucuk-ev-aletleri-yedek-parca-ve-aksesuarlari/br-ar-renhazne-grb-ag-s-ag-s-kucuk-ev-aletleri-yedek-parca-ve-aksesuarlari,Hazne Grubu Siyah Saplı AG Küçük Ev Aletleri Yedek Parça ve Aksesuarları,,,,,,,0,,0,0,0,0,0,0
https://www.beko.com.tr/kucuk-ev-aletleri-yedek-parca-ve-aksesuarlari/bv-ar-cirpici-grubu-b-cg-kucuk-ev-aletleri-yedek-parca-ve-aksesuarlari,Çırpıcı Bıçak Grubu Beyaz Küçük Ev Aletleri Yedek Parça ve Aksesuarları,,,,,,,0,,0,0,0,0,0,0
https://www.beko.com.tr/kucuk-ev-aletleri-yedek-parca-ve-aksesuarlari/cop-kovasi-assy-yeni-kucuk-ev-aletleri-yedek-parca-ve-aksesuarlari,Toz Haznesi Yeni Küçük Ev Aletleri Yedek Parça ve Aksesuarları,,,,,,,0,,0,0,0,0,0,0
https://www.beko.com.tr/kucuk-ev-aletleri-yedek-parca-ve-aksesuarlari/k---1252-dograyici-govde-grubu--beyaz-kucuk-ev-aletleri-yedek-parca-ve-aksesuarlari,Doğrayıcı Gövde Grubu B Küçük Ev Aletleri Yedek Parça ve Aksesuarları,,,,,,,0,,0,0,0,0,0,0
https://www.beko.com.tr/kucuk-ev-aletleri-yedek-parca-ve-aksesuarlari/k---1252-parcalayici-bicak-komple---beya-kucuk-ev-aletleri-yedek-parca-ve-aksesuarlari,Bıçak Grubu Beyaz Küçük Ev Aletleri Yedek Parça ve Aksesuarları,,,,,,,0,,0,0,0,0,0,0
https://www.beko.com.tr/kucuk-ev-aletleri-yedek-parca-ve-aksesuarlari/kahve-potu-kapak-ile-birlikte-kucuk-ev-aletleri-yedek-parca-ve-aksesuarlari,Cam Demlik Grubu Siyah Kapaklı FKM 4 Küçük Ev Aletleri Yedek Parça ve Aksesuarları,,,,,,,0,,0,0,0,0,0,0
https://www.beko.com.tr/kucuk-ev-aletleri-yedek-parca-ve-aksesuarlari/plastik-dograyici-bicagi-kucuk-ev-aletleri-yedek-parca-ve-aksesuarlari,Çırpıcı Bıçak Grubu Gri Küçük Ev Aletleri Yedek Parça ve Aksesuarları,,,,,,,0,,0,0,0,0,0,0
https://www.beko.com.tr/kucuk-ev-aletleri-yedek-parca-ve-aksesuarlari/plastik-kap-1500ml-kucuk-ev-aletleri-yedek-parca-ve-aksesuarlari,Plastik Kap 1500 ml Küçük Ev Aletleri Yedek Parça ve Aksesuarları,,,,,,,0,,0,0,0,0,0,0
https://www.beko.com.tr/kucuk-ev-aletleri-yedek-parca-ve-aksesuarlari/su-tanki-kucuk-ev-aletleri-yedek-parca-ve-aksesuarlari,Su Tankı Grubu Robot Süpürge Küçük Ev Aletleri Yedek Parça ve Aksesuarları,,,,,,,0,,0,0,0,0,0,0
https://www.beko.com.tr/kucuk-ev-aletleri-yedek-parca-ve-aksesuarlari/sup-ucu-eski-kap-se-std-hp-kucuk-ev-aletleri-yedek-parca-ve-aksesuarlari,Fırça Grubu Ucu Eski Tip Küçük Ev Aletleri Yedek Parça ve Aksesuarları,,,,,,,0,,0,0,0,0,0,0
https://www.beko.com.tr/kucuk-ev-aletleri-yedek-parca-ve-aksesuarlari/tc28-ekzost-hepa-filtre-yeni-contali-fo-kucuk-ev-aletleri-yedek-parca-ve-aksesuarlari,Hepa Filtre Contalı Küçük Ev Aletleri Yedek Parça ve Aksesuarları,,,,,,,0,,0,0,0,0,0,0
https://www.beko.com.tr/kucuk-ev-aletleri-yedek-parca-ve-aksesuarlari/jaguar-hepa-filtre-h12-tc57--kucuk-ev-aletleri-yedek-parca-ve-aksesuarlari,Hepa Filtre Jaguar Küçük Ev Aletleri Yedek Parça ve Aksesuarları,,,,,,,0,,0,0,0,0,0,0
https://www.beko.com.tr/kucuk-ev-aletleri-yedek-parca-ve-aksesuarlari/karistirma-kabi-seffaf-kucuk-ev-aletleri-yedek-parca-ve-aksesuarlari,Karıştırma Kabı Küçük Ev Aletleri Yedek Parça ve Aksesuarları,,,,,,,0,,0,0,0,0,0,0
https://www.beko.com.tr/kucuk-ev-aletleri-yedek-parca-ve-aksesuarlari/robot-bicagi-grubu-kucuk-ev-aletleri-yedek-parca-ve-aksesuarlari,Bıçak Grubu Küçük Ev Aletleri Yedek Parça ve Aksesuarları,,,,,,,0,,0,0,0,0,0,0
https://www.beko.com.tr/kucuk-ev-aletleri-yedek-parca-ve-aksesuarlari/yv-hava-giris-filtre-grubu-kucuk-ev-aletleri-yedek-parca-ve-aksesuarlari,Filtre Hava Giriş Küçük Ev Aletleri Yedek Parça ve Aksesuarları,,,,,,,0,,0,0,0,0,0,0
https://www.beko.com.tr/kucuk-ev-aletleri-yedek-parca-ve-aksesuarlari/br-ar-rende-disli-kutu-grb-b-s-kucuk-ev-aletleri-yedek-parca-ve-aksesuarlari,Blender Dişli Grubu Siyah Küçük Ev Aletleri Yedek Parça ve Aksesuarları,,,,,,,0,,0,0,0,0,0,0
https://www.beko.com.tr/kucuk-ev-aletleri-yedek-parca-ve-aksesuarlari/br-ar-rende-hazne-grb-s-dug-yp-kucuk-ev-aletleri-yedek-parca-ve-aksesuarlari,Hazne Grubu Siyah Saplı Küçük Ev Aletleri Yedek Parça ve Aksesuarları,,,,,,,0,,0,0,0,0,0,0
https://www.beko.com.tr/kucuk-ev-aletleri-yedek-parca-ve-aksesuarlari/firca-grubu-kucuk-ev-aletleri-yedek-parca-ve-aksesuarlari,Fırça Grubu SD 3061 Küçük Ev Aletleri Yedek Parça ve Aksesuarları,,,,,,,0,,0,0,0,0,0,0
https://www.beko.com.tr/kucuk-ev-aletleri-yedek-parca-ve-aksesuarlari/komple-bicak-16285gri-kucuk-ev-aletleri-yedek-parca-ve-aksesuarlari,Bıçak Grubu Komple Küçük Ev Aletleri Yedek Parça ve Aksesuarları,,,,,,,0,,0,0,0,0,0,0
https://www.beko.com.tr/kucuk-ev-aletleri-yedek-parca-ve-aksesuarlari/surahi-kapagi-kucuk-ev-aletleri-yedek-parca-ve-aksesuarlari,Sürahi Kapak Küçük Ev Aletleri Yedek Parça ve Aksesuarları,,,,,,,0,,0,0,0,0,0,0
https://www.beko.com.tr/kucuk-ev-aletleri-yedek-parca-ve-aksesuarlari/az-yh-yv-hepa-filtre-h13-siy-kucuk-ev-aletleri-yedek-parca-ve-aksesuarlari,Hepa Filtre Siyah Küçük Ev Aletleri Yedek Parça ve Aksesuarları,,,,,,,0,,0,0,0,0,0,0
https://www.beko.com.tr/kucuk-ev-aletleri-yedek-parca-ve-aksesuarlari/k1261-rhb-robot-kabi-komple-kucuk-ev-aletleri-yedek-parca-ve-aksesuarlari,Hazne Grubu Beyaz Saplı Küçük Ev Aletleri Yedek Parça ve Aksesuarları,,,,,,,0,,0,0,0,0,0,0
https://www.beko.com.tr/kucuk-ev-aletleri-yedek-parca-ve-aksesuarlari/dograyicinin-ust-bicagi-kucuk-ev-aletleri-yedek-parca-ve-aksesuarlari,Bıçak Grubu Üst Küçük Ev Aletleri Yedek Parça ve Aksesuarları,,,,,,,0,,0,0,0,0,0,0
https://www.beko.com.tr/kucuk-ev-aletleri-yedek-parca-ve-aksesuarlari/gweeper-ii-firca-kucuk-ev-aletleri-yedek-parca-ve-aksesuarlari,Fırça Grubu Beko Baskılı Küçük Ev Aletleri Yedek Parça ve Aksesuarları,,,,,,,0,,0,0,0,0,0,0
https://www.beko.com.tr/kucuk-ev-aletleri-yedek-parca-ve-aksesuarlari/hortum-kucuk-ev-aletleri-yedek-parca-ve-aksesuarlari,Hortum Grubu Siyah Küçük Ev Aletleri Yedek Parça ve Aksesuarları,,,,,,,0,,0,0,0,0,0,0
https://www.beko.com.tr/kucuk-ev-aletleri-yedek-parca-ve-aksesuarlari/hepa-filter---bks-5423---b-kucuk-ev-aletleri-yedek-parca-ve-aksesuarlari,Hepa Filtre Siyah B Küçük Ev Aletleri Yedek Parça ve Aksesuarları,,,,,,,0,,0,0,0,0,0,0
https://www.beko.com.tr/kucuk-ev-aletleri-yedek-parca-ve-aksesuarlari/teleskobik-boru-kucuk-ev-aletleri-yedek-parca-ve-aksesuarlari,Teleskobik Boru Metal Küçük Ev Aletleri Yedek Parça ve Aksesuarları,,,,,,,0,,0,0,0,0,0,0
https://www.beko.com.tr/kucuk-ev-aletleri-yedek-parca-ve-aksesuarlari/ana-fircab09-kucuk-ev-aletleri-yedek-parca-ve-aksesuarlari,Fırça Grubu Ana Zemin Küçük Ev Aletleri Yedek Parça ve Aksesuarları,,,,,,,0,,0,0,0,0,0,0
https://www.beko.com.tr/kucuk-ev-aletleri-yedek-parca-ve-aksesuarlari/toz-kutusu-kapagi-grb--kucuk-ev-aletleri-yedek-parca-ve-aksesuarlari,Toz Haznesi Kapağı Küçük Ev Aletleri Yedek Parça ve Aksesuarları,,,,,,,0,,0,0,0,0,0,0
https://www.beko.com.tr/kucuk-ev-aletleri-yedek-parca-ve-aksesuarlari/firca-grb--kucuk-ev-aletleri-yedek-parca-ve-aksesuarlari,Fırça Grubu Pratik Beyaz Küçük Ev Aletleri Yedek Parça ve Aksesuarları,,,,,,,0,,0,0,0,0,0,0
https://www.beko.com.tr/kucuk-ev-aletleri-yedek-parca-ve-aksesuarlari/plastik-hali-fircasi-kucuk-ev-aletleri-yedek-parca-ve-aksesuarlari,Fırça Grubu Halı Küçük Ev Aletleri Yedek Parça ve Aksesuarları,,,,,,,0,,0,0,0,0,0,0
https://www.beko.com.tr/kucuk-ev-aletleri-yedek-parca-ve-aksesuarlari/surahi-grb--kucuk-ev-aletleri-yedek-parca-ve-aksesuarlari,Cam Demlik Grubu Siyah Kapaklı FKM 2 Küçük Ev Aletleri Yedek Parça ve Aksesuarları,,,,,,,0,,0,0,0,0,0,0
https://www.beko.com.tr/kucuk-ev-aletleri-yedek-parca-ve-aksesuarlari/az-buyuk-sup-ucu---kucuk-ev-aletleri-yedek-parca-ve-aksesuarlari,Fırça Grubu Siyah Küçük Ev Aletleri Yedek Parça ve Aksesuarları,,,,,,,0,,0,0,0,0,0,0
https://www.beko.com.tr/kucuk-ev-aletleri-yedek-parca-ve-aksesuarlari/batarya-grubu-kucuk-ev-aletleri-yedek-parca-ve-aksesuarlari,Batarya Grubu Küçük Ev Aletleri Yedek Parça ve Aksesuarları,,,,,,,0,,0,0,0,0,0,0
https://www.beko.com.tr/kucuk-ev-aletleri-yedek-parca-ve-aksesuarlari/dogr-govde-grubu-beyaz-kucuk-ev-aletleri-yedek-parca-ve-aksesuarlari,Doğrayıcı Gövde Grubu Beyaz Küçük Ev Aletleri Yedek Parça ve Aksesuarları,,,,,,,0,,0,0,0,0,0,0
https://www.beko.com.tr/kucuk-ev-aletleri-yedek-parca-ve-aksesuarlari/emici-firca-kucuk-ev-aletleri-yedek-parca-ve-aksesuarlari,Fırça Grubu Zio Küçük Ev Aletleri Yedek Parça ve Aksesuarları,,,,,,,0,,0,0,0,0,0,0
https://www.beko.com.tr/kucuk-ev-aletleri-yedek-parca-ve-aksesuarlari/hortum-grb--kucuk-ev-aletleri-yedek-parca-ve-aksesuarlari,Hortum Grubu Toz Torbalı Küçük Ev Aletleri Yedek Parça ve Aksesuarları,,,,,,,0,,0,0,0,0,0,0
https://www.beko.com.tr/kucuk-ev-aletleri-yedek-parca-ve-aksesuarlari/uc-kucuk-ev-aletleri-yedek-parca-ve-aksesuarlari,Hortum Ucu Dar Küçük Ev Aletleri Yedek Parça ve Aksesuarları,,,,,,,0,,0,0,0,0,0,0
https://www.beko.com.tr/kucuk-ev-aletleri-yedek-parca-ve-aksesuarlari/yv-ac-toz-haz-fume-ser-grb-kucuk-ev-aletleri-yedek-parca-ve-aksesuarlari,Toz Haznesi Füme Küçük Ev Aletleri Yedek Parça ve Aksesuarları,,,,,,,0,,0,0,0,0,0,0
https://www.beko.com.tr/kucuk-ev-aletleri-yedek-parca-ve-aksesuarlari/az-hortum-uzaktan-kuman--grup-kucuk-ev-aletleri-yedek-parca-ve-aksesuarlari,Hortum Grubu UK Küçük Ev Aletleri Yedek Parça ve Aksesuarları,,,,,,,0,,0,0,0,0,0,0
https://www.beko.com.tr/kucuk-ev-aletleri-yedek-parca-ve-aksesuarlari/br-ar-blen-stick-par-grb-ag-kucuk-ev-aletleri-yedek-parca-ve-aksesuarlari,Blender Ayağı Komple Siyah AG Küçük Ev Aletleri Yedek Parça ve Aksesuarları,,,,,,,0,,0,0,0,0,0,0
https://www.beko.com.tr/kucuk-ev-aletleri-yedek-parca-ve-aksesuarlari/br-be-rende-disli-kutu-grb-b-g-kucuk-ev-aletleri-yedek-parca-ve-aksesuarlari,Blender Dişli Grubu Gri Küçük Ev Aletleri Yedek Parça ve Aksesuarları,,,,,,,0,,0,0,0,0,0,0
https://www.beko.com.tr/kucuk-ev-aletleri-yedek-parca-ve-aksesuarlari/hepa-filtre-kucuk-ev-aletleri-yedek-parca-ve-aksesuarlari,Hepa Filtre Yuvarlak Küçük Ev Aletleri Yedek Parça ve Aksesuarları,,,,,,,0,,0,0,0,0,0,0
https://www.beko.com.tr/kucuk-ev-aletleri-yedek-parca-ve-aksesuarlari/cop-kovasi-vrt-94929-vv-kucuk-ev-aletleri-yedek-parca-ve-aksesuarlari,Toz Haznesi Şeffaf Küçük Ev Aletleri Yedek Parça ve Aksesuarları,,,,,,,0,,0,0,0,0,0,0
https://www.beko.com.tr/kucuk-ev-aletleri-yedek-parca-ve-aksesuarlari/k1261-rhb-rende-atacman-govde-grubu-kucuk-ev-aletleri-yedek-parca-ve-aksesuarlari,Blender Rende Gövdesi Mavi Küçük Ev Aletleri Yedek Parça ve Aksesuarları,,,,,,,0,,0,0,0,0,0,0
https://www.beko.com.tr/kucuk-ev-aletleri-yedek-parca-ve-aksesuarlari/dograyici-kabi-komple-kucuk-ev-aletleri-yedek-parca-ve-aksesuarlari,Hazne Grubu Sapsız Küçük Ev Aletleri Yedek Parça ve Aksesuarları,,,,,,,0,,0,0,0,0,0,0
https://www.beko.com.tr/kucuk-ev-aletleri-yedek-parca-ve-aksesuarlari/blender-kucuk-ev-aletleri-yedek-parca-ve-aksesuarlari,Blender Ayağı Metal Küçük Ev Aletleri Yedek Parça ve Aksesuarları,,,,,,,0,,0,0,0,0,0,0
https://www.beko.com.tr/cam-temizleme-makineleri-ve-robotlari/karcher-wv-5-plus-n--eu-ev-temizlik-ekipmanlari-ve-teknolojileri,Karcher WV5 Plus Şarjlı Cam Silme Makinesi Cam Temizleme Makineleri ve Robotları,12.0,19.0,31.0,,,,0,,0,0,0,0,0,0
https://www.beko.com.tr/cilt-bakim/foreo-bear-2-go-pistachio-guzellik-ve-bakim,Foreo Bear 2 Go Pistachio Cilt Bakım,3.0,9.0,8.0,,,,0,,0,0,0,0,0,0
https://www.beko.com.tr/cilt-bakim/foreo-luna-4-go-pistachio-guzellik-ve-bakim,FOREO LUNA 4 Go Pistachio Cilt Bakım,3.0,9.0,8.0,,,,0,,0,0,0,0,0,0
https://www.beko.com.tr/cilt-bakim/foreo-bear-2-go-lavender-guzellik-ve-bakim,Foreo Bear 2 Go Lavender Cilt Bakım,3.0,9.0,8.0,,,,0,,0,0,0,0,0,0
https://www.beko.com.tr/arac-buzdolabi/otb-51223-m-arac-buzdolabi,OTB 51223 M Araç Buzdolabı,29.8,46.0,40.0,4.9,,,0,,0,0,0,0,0,0
https://www.beko.com.tr/kahve-demleme-ekipmanlari/rocket-tamper-leveler-metalik-kahve-makinesi,Rocket Tamper & Leveler Metalik Kahve Demleme Ekipmanları,6.0,5.0,4.0,0.514,,,0,,0,0,0,0,0,0
https://www.beko.com.tr/tost-makinesi/tm-5606-i-pisirici,TM 5606 I Tost Makinesi,12.4,13.0,30.0,1.1,,,0,,0,0,0,0,0,0
https://www.beko.com.tr/toz-torbasi/bks-1911---bks-1912-toz-torbasi-elektrikli-supurge,BKS 1911 / BKS 1912 Toz Torbası Toz Torbası,5.0,19.0,28.0,,,,0,,0,0,0,0,0,0
https://www.beko.com.tr/seyahat-utusu/stm-2110-b-utu,STM 2110 B Seyahat Ütüsü,,,,,,,0,,0,0,0,0,0,0
https://www.beko.com.tr/seyahat-utusu/stm-2110-m-utu,STM 2110 M Seyahat Ütüsü,,,,,,,0,,0,0,0,0,0,0
https://www.beko.com.tr/hamur-yogurma-ve-mutfak-makinesi/hamur-acma-ve-kesme--seti-karistirici-dograyici,Hamur Açma Ve Kesme Seti Hamur Yoğurma ve Mutfak Makinesi,14.0,18.0,12.0,2.7,,,0,,0,0,0,0,0,0
https://www.beko.com.tr/yogurt-kefir-makinesi/proyo-aksesuar-kutusu-yogurt-kefir-makinesi,Proyo Aksesuar Kutusu Yoğurt &Kefir Makinesi,15.6,15.0,23.0,1.26,,,0,,0,0,0,0,0,0
https://www.beko.com.tr/kettle/wkm-8513-i-kettle,WKM 8513 I Dijital Kettle,15.4,23.0,27.0,0.9,1.5,,0,2200.0,1,1,1,1,1,1
https://www.beko.com.tr/kettle/wkm-5422-i-kettle,WKM 5422 I Cam Kettle,16.5,23.0,22.0,0.9,1.7,,0,2200.0,0,1,1,1,1,1
https://www.beko.com.tr/kettle/kl-8221-i-kettle,KL 8221 I Kettle,16.5,23.0,22.0,0.9,1.2,,0,2200.0,1,1,1,1,1,1
https://www.beko.com.tr/kettle/kl-5422-kettle,KL 5422 Retro Kettle,16.5,23.0,22.0,0.9,1.7,,0,2200.0,1,1,1,1,1,1
https://www.beko.com.tr/kettle/kl-8022-i-kettle,KL 8022 I Kettle,16.5,23.0,22.0,0.9,1.7,,0,2200.0,1,1,1,1,1,1
https://www.beko.com.tr/kettle/wkm-5522-i-kettle,WKM 5522 I Kettle,20.4,25.0,26.0,1.3,1.7,,0,2200.0,1,1,1,1,1,1
https://www.beko.com.tr/kati-meyve-sikacagi/bkk-2145-kati-meyve-sikacagi,BKK 2145 Katı Meyve Sıkacağı,39.5,21.0,23.0,4.37,,İnoks,0,1500.0,0,0,0,0,1,0
https://www.beko.com.tr/narenciye-sikacagi/ms-5210-narenciye-sikacagi,MS 5210 Narenciye Sıkacağı,21.5,16.0,23.0,0.85,,Beyaz,0,40.0,0,0,0,0,1,0
https://www.beko.com.tr/narenciye-sikacagi/ms-5410-b-narenciye-sikacagi,MS 5410 B Narenciye Sıkacağı,21.5,16.0,23.0,0.85,,Siyah,0,45.0,0,0,0,0,1,0
https://www.beko.com.tr/cay-makinesi/bkk-2221-c-beko-dem-cay-makinesi-cay-makinesi,BKK 2221 C Beko Dem® Çay Makinesi Çay Makinesi,13.0,18.0,37.0,1.393,,Siyah,0,1650.0,0,0,1,1,0,1
https://www.beko.com.tr/cay-makinesi/cm-5964-r-floral-cay-makinesi,CM 5964 R Floral Çay Makinesi,17.0,24.0,37.0,1.67,,Rose gold,0,1900.0,1,0,1,1,0,1
https://www.beko.com.tr/cay-makinesi/cm-5964-floral-cay-makinesi,CM 5964 Floral Çay Makinesi,17.0,24.0,37.0,1.67,,Papatya Beyazı,0,1900.0,1,0,1,1,0,1
https://www.beko.com.tr/3-bolmeli-derin-dondurucu/7030-mb-derin-dondurucu,7030 MB 3 Bölmeli Derin Dondurucu,50.0,48.0,82.0,26.0,,Beyaz,1,,0,0,0,0,0,0
